peptide,bind_A0101,bind_A0201,bind_A0301,bind_A1101,bind_A2402,bind_B0702,bind_B0801,bind_B2705,bind_B3501,bind_B4402
AAFDRKSDAK,0.0,0.0,0.0,0.0,0.0,0.0,0.0,0.0,0.0,0.0
AARDRFPGL,0.0,0.0,0.0,0.0,0.0,0.0,0.0,0.0,0.0,0.0
AARQRLQDI,0.0,0.0,0.0,0.0,0.0,0.0,0.0,0.0,0.0,0.0
AASAFRCFI,0.0,0.0,0.0,0.0,0.0,0.0,0.0,0.0,0.0,0.0
AASYARYVL,0.0,0.0,0.0,0.0,0.0,0.0,0.0,0.0,0.0,0.0
ADRPRAWRL,0.0,0.0,0.0,0.0,0.0,0.0,0.0,0.0,0.0,0.0
AEGGVGWRHW,0.0,0.0,0.0,0.0,0.0,0.0,0.0,0.0,0.0,0.0
AEMQNPVYL,0.0,0.0,0.0,0.0,0.0,0.0,0.0,0.0,0.0,0.0
AENAGNDAC,0.0,0.0,0.0,0.0,0.0,0.0,0.0,0.0,0.0,0.0
AEVLKDAI,0.0,0.0,0.0,0.0,0.0,0.0,0.0,0.0,0.0,0.0
AFLGERVTL,0.0,0.0,0.0,0.0,0.0,0.0,0.0,0.0,0.0,0.0
AFRDLCIVY,0.0,0.0,0.0,0.0,0.0,0.0,0.0,0.0,0.0,0.0
AGNDGGPPQ,0.0,0.0,0.0,0.0,0.0,0.0,0.0,0.0,0.0,0.0
AGVDNRECI,0.0,0.0,0.0,0.0,0.0,0.0,0.0,0.0,0.0,0.0
AHYNIVTF,0.0,0.0,0.0,0.0,0.0,0.0,0.0,0.0,0.0,0.0
AHYNIVTFC,0.0,0.0,0.0,0.0,0.0,0.0,0.0,0.0,0.0,0.0
AHYNIVTFCC,0.0,0.0,0.0,0.0,0.0,0.0,0.0,0.0,0.0,0.0
AHYNIVTFCCK,0.0,0.0,0.0,0.0,0.0,0.0,0.0,0.0,0.0,0.0
AILDINNTV,0.0,0.0,0.0,0.0,0.0,0.0,0.0,0.0,0.0,0.0
ALAIPQCRL,0.0,0.0,0.0,0.0,0.0,0.0,0.0,0.0,0.0,0.0
ALAVLSKCY,0.0,0.0,0.0,0.0,0.0,0.0,0.0,0.0,0.0,0.0
ALDGNLVSMDV,0.0,0.0,0.0,0.0,0.0,0.0,0.0,0.0,0.0,0.0
ALLTLAAAL,0.0,0.0,0.0,0.0,0.0,0.0,0.0,0.0,0.0,0.0
ALLVLYSFA,0.0,0.0,0.0,0.0,0.0,0.0,0.0,0.0,0.0,0.0
ALLVLYSFAL,0.0,0.0,0.0,0.0,0.0,0.0,0.0,0.0,0.0,0.0
ALMPYMPPA,0.0,0.0,0.0,0.0,0.0,0.0,0.0,0.0,0.0,0.0
ALQAIELQL,0.0,0.0,0.0,0.0,0.0,0.0,0.0,0.0,0.0,0.0
ALRLATVGY,0.0,0.0,0.0,0.0,0.0,0.0,0.0,0.0,0.0,0.0
ALWNLHGQA,0.0,0.0,0.0,0.0,0.0,0.0,0.0,0.0,0.0,0.0
ALYEASTTY,0.0,0.0,0.0,0.0,0.0,0.0,0.0,0.0,0.0,0.0
ALYLQQNWW,0.0,0.0,0.0,0.0,0.0,0.0,0.0,0.0,0.0,0.0
AMFQDPQER,0.0,0.0,0.0,0.0,0.0,0.0,0.0,0.0,0.0,0.0
AMQLSPRAL,0.0,0.0,0.0,0.0,0.0,0.0,0.0,0.0,0.0,0.0
AMSAARSSR,0.0,0.0,0.0,0.0,0.0,0.0,0.0,0.0,0.0,0.0
AMSIEAARL,0.0,0.0,0.0,0.0,0.0,0.0,0.0,0.0,0.0,0.0
APENAYQAY,0.0,0.0,0.0,0.0,0.0,0.0,0.0,0.0,0.0,0.0
APGWLIWTY,0.0,0.0,0.0,0.0,0.0,0.0,0.0,0.0,0.0,0.0
APIFYPPVL,0.0,0.0,0.0,0.0,0.0,0.0,0.0,0.0,0.0,0.0
APKTPDACL,0.0,0.0,0.0,0.0,0.0,0.0,0.0,0.0,0.0,0.0
APQPAPENAY,0.0,0.0,0.0,0.0,0.0,0.0,0.0,0.0,0.0,0.0
APRAWISSL,0.0,0.0,0.0,0.0,0.0,0.0,0.0,0.0,0.0,0.0
APRLPDDPI,0.0,0.0,0.0,0.0,0.0,0.0,0.0,0.0,0.0,0.0
APRQWPMPL,0.0,0.0,0.0,0.0,0.0,0.0,0.0,0.0,0.0,0.0
APVPPPEPL,0.0,0.0,0.0,0.0,0.0,0.0,0.0,0.0,0.0,0.0
AQAWNAGFL,0.0,0.0,0.0,0.0,0.0,0.0,0.0,0.0,0.0,0.0
AQIFNKPYWL,0.0,0.0,0.0,0.0,0.0,0.0,0.0,0.0,0.0,0.0
AQLEPWQPL,0.0,0.0,0.0,0.0,0.0,0.0,0.0,0.0,0.0,0.0
AQPAPQAPY,0.0,0.0,0.0,0.0,0.0,0.0,0.0,0.0,0.0,0.0
AQRAAGPSV,0.0,0.0,0.0,0.0,0.0,0.0,0.0,0.0,0.0,0.0
ARCSQATAEA,0.0,0.0,0.0,0.0,0.0,0.0,0.0,0.0,0.0,0.0
AREAEVRFLR,0.0,0.0,0.0,0.0,0.0,0.0,0.0,0.0,0.0,0.0
ARNIRDAACR,0.0,0.0,0.0,0.0,0.0,0.0,0.0,0.0,0.0,0.0
ARPRIMAPPV,0.0,0.0,0.0,0.0,0.0,0.0,0.0,0.0,0.0,0.0
ARQRLQDIRR,0.0,0.0,0.0,0.0,0.0,0.0,0.0,0.0,0.0,0.0
ARRGIKEHVI,0.0,0.0,0.0,0.0,0.0,0.0,0.0,0.0,0.0,0.0
ARTLNTFSAT,0.0,0.0,0.0,0.0,0.0,0.0,0.0,0.0,0.0,0.0
ARYAYYLQF,0.0,0.0,0.0,0.0,0.0,0.0,0.0,0.0,0.0,0.0
ASDDYDRLY,0.0,0.0,0.0,0.0,0.0,0.0,0.0,0.0,0.0,0.0
ASDYSQGAF,0.0,0.0,0.0,0.0,0.0,0.0,0.0,0.0,0.0,0.0
ATEEEEEAV,0.0,0.0,0.0,0.0,0.0,0.0,0.0,0.0,0.0,0.0
ATGMVPAVKK,0.0,0.0,0.0,0.0,0.0,0.0,0.0,0.0,0.0,0.0
ATIGTAMYK,0.0,0.0,0.0,0.0,0.0,0.0,0.0,0.0,0.0,0.0
ATLNICNFW,0.0,0.0,0.0,0.0,0.0,0.0,0.0,0.0,0.0,0.0
ATSVLLSAY,0.0,0.0,0.0,0.0,0.0,0.0,0.0,0.0,0.0,0.0
ATVKGMQSY,0.0,0.0,0.0,0.0,0.0,0.0,0.0,0.0,0.0,0.0
AVARNTDIL,0.0,0.0,0.0,0.0,0.0,0.0,0.0,0.0,0.0,0.0
AVCDKCLK,0.0,0.0,0.0,0.0,0.0,0.0,0.0,0.0,0.0,0.0
AVCDKCLKFY,0.0,0.0,0.0,0.0,0.0,0.0,0.0,0.0,0.0,0.0
AVFDRKSDAK,0.0,0.0,0.0,0.0,0.0,0.0,0.0,0.0,0.0,0.0
AVFDRKSVAK,0.0,0.0,0.0,0.0,0.0,0.0,0.0,0.0,0.0,0.0
AVFNRKSDAK,0.0,0.0,0.0,0.0,0.0,0.0,0.0,0.0,0.0,0.0
AVLLHEESL,0.0,0.0,0.0,0.0,0.0,0.0,0.0,0.0,0.0,0.0
AVLLHEESM,0.0,0.0,0.0,0.0,0.0,0.0,0.0,0.0,0.0,0.0
AVSFRNLAY,0.0,0.0,0.0,0.0,0.0,0.0,0.0,0.0,0.0,0.0
AVYGTDLAWVL,0.0,0.0,0.0,0.0,0.0,0.0,0.0,0.0,0.0,0.0
AYAEATSSL,0.0,0.0,0.0,0.0,0.0,0.0,0.0,0.0,0.0,0.0
AYQAYAAPQL,0.0,0.0,0.0,0.0,0.0,0.0,0.0,0.0,0.0,0.0
AYRRRWRRL,0.0,0.0,0.0,0.0,0.0,0.0,0.0,0.0,0.0,0.0
AYSSWMYSY,0.0,0.0,0.0,0.0,0.0,0.0,0.0,0.0,0.0,0.0
CCKCDSTL,0.0,0.0,0.0,0.0,0.0,0.0,0.0,0.0,0.0,0.0
CCKCDSTLRLC,0.0,0.0,0.0,0.0,0.0,0.0,0.0,0.0,0.0,0.0
CDSTLRLCV,0.0,0.0,0.0,0.0,0.0,0.0,0.0,0.0,0.0,0.0
CDSTLRLCVQ,0.0,0.0,0.0,0.0,0.0,0.0,0.0,0.0,0.0,0.0
CELSSHGDL,0.0,0.0,0.0,0.0,0.0,0.0,0.0,0.0,0.0,0.0
CFLLCFCVL,0.0,0.0,0.0,0.0,0.0,0.0,0.0,0.0,0.0,0.0
CLGGLITMV,0.0,0.0,0.0,0.0,0.0,0.0,0.0,0.0,0.0,0.0
CLGGLLTML,0.0,0.0,0.0,0.0,0.0,0.0,0.0,0.0,0.0,0.0
CLGGLLTMN,0.0,0.0,0.0,0.0,0.0,0.0,0.0,0.0,0.0,0.0
CLGGLLTMV,0.0,0.0,0.0,0.0,0.0,0.0,0.0,0.0,0.0,0.0
CLGGLLTMVA,0.0,0.0,0.0,0.0,0.0,0.0,0.0,0.0,0.0,0.0
CLGGLLTMVAG,0.0,0.0,0.0,0.0,0.0,0.0,0.0,0.0,0.0,0.0
CLGGLLYMV,0.0,0.0,0.0,0.0,0.0,0.0,0.0,0.0,0.0,0.0
CLGLLTMV,0.0,0.0,0.0,0.0,0.0,0.0,0.0,0.0,0.0,0.0
CLLIRPLLL,0.0,0.0,0.0,0.0,0.0,0.0,0.0,0.0,0.0,0.0
CMMIEPPKL,0.0,0.0,0.0,0.0,0.0,0.0,0.0,0.0,0.0,0.0
CPEEKQRHL,0.0,0.0,0.0,0.0,0.0,0.0,0.0,0.0,0.0,0.0
CPLSKILL,0.0,0.0,0.0,0.0,0.0,0.0,0.0,0.0,0.0,0.0
CQATSQYYF,0.0,0.0,0.0,0.0,0.0,0.0,0.0,0.0,0.0,0.0
CQKPLCPEEK,0.0,0.0,0.0,0.0,0.0,0.0,0.0,0.0,0.0,0.0
CRAKFKHLL,0.0,0.0,0.0,0.0,0.0,0.0,0.0,0.0,0.0,0.0
CRAKFKQLL,0.0,0.0,0.0,0.0,0.0,0.0,0.0,0.0,0.0,0.0
CRAVKQSHLQ,0.0,0.0,0.0,0.0,0.0,0.0,0.0,0.0,0.0,0.0
CSDAFYPFY,0.0,0.0,0.0,0.0,0.0,0.0,0.0,0.0,0.0,0.0
CSSCPLSK,0.0,0.0,0.0,0.0,0.0,0.0,0.0,0.0,0.0,0.0
CVCLLIRPL,0.0,0.0,0.0,0.0,0.0,0.0,0.0,0.0,0.0,0.0
CVLLCVCLL,0.0,0.0,0.0,0.0,0.0,0.0,0.0,0.0,0.0,0.0
CVQSTHVDI,0.0,0.0,0.0,0.0,0.0,0.0,0.0,0.0,0.0,0.0
CVQSTHVDIR,0.0,0.0,0.0,0.0,0.0,0.0,0.0,0.0,0.0,0.0
CVYCKQQLL,0.0,0.0,0.0,0.0,0.0,0.0,0.0,0.0,0.0,0.0
CVYCKQQLLR,0.0,0.0,0.0,0.0,0.0,0.0,0.0,0.0,0.0,0.0
CYDHAQTHL,0.0,0.0,0.0,0.0,0.0,0.0,0.0,0.0,0.0,0.0
CYENDNPGL,0.0,0.0,0.0,0.0,0.0,0.0,0.0,0.0,0.0,0.0
CYFMVFLQT,0.0,0.0,0.0,0.0,0.0,0.0,0.0,0.0,0.0,0.0
CYSLYGTTL,0.0,0.0,0.0,0.0,0.0,0.0,0.0,0.0,0.0,0.0
CYSVYGTTL,0.0,0.0,0.0,0.0,0.0,0.0,0.0,0.0,0.0,0.0
DEVEFLGHY,0.0,0.0,0.0,0.0,0.0,0.0,0.0,0.0,0.0,0.0
DHEGFACLTVE,0.0,0.0,0.0,0.0,0.0,0.0,0.0,0.0,0.0,0.0
DIILECVYCK,0.0,0.0,0.0,0.0,0.0,0.0,0.0,0.0,0.0,0.0
DIRTLEDL,0.0,0.0,0.0,0.0,0.0,0.0,0.0,0.0,0.0,0.0
DIRTLEDLL,0.0,0.0,0.0,0.0,0.0,0.0,0.0,0.0,0.0,0.0
DKKQRFHNI,0.0,0.0,0.0,0.0,0.0,0.0,0.0,0.0,0.0,0.0
DLLLGTLNI,0.0,0.0,0.0,0.0,0.0,0.0,0.0,0.0,0.0,0.0
DLLMGTLGIV,0.0,0.0,0.0,0.0,0.0,0.0,0.0,0.0,0.0,0.0
DLLMGTLGIVC,0.0,0.0,0.0,0.0,0.0,0.0,0.0,0.0,0.0,0.0
DLQPETTDL,0.0,0.0,0.0,0.0,0.0,0.0,0.0,0.0,0.0,0.0
DLYCYEQL,0.0,0.0,0.0,0.0,0.0,0.0,0.0,0.0,0.0,0.0
DLYCYEQLND,0.0,0.0,0.0,0.0,0.0,0.0,0.0,0.0,0.0,0.0
DPYQVPFVQAF,0.0,0.0,0.0,0.0,0.0,0.0,0.0,0.0,0.0,0.0
DRAHYNIV,0.0,0.0,0.0,0.0,0.0,0.0,0.0,0.0,0.0,0.0
DRSDKAEAQS,0.0,0.0,0.0,0.0,0.0,0.0,0.0,0.0,0.0,0.0
DSAPILTAF,0.0,0.0,0.0,0.0,0.0,0.0,0.0,0.0,0.0,0.0
DSIMLTATF,0.0,0.0,0.0,0.0,0.0,0.0,0.0,0.0,0.0,0.0
DSNSNEGRH,0.0,0.0,0.0,0.0,0.0,0.0,0.0,0.0,0.0,0.0
DSTLRLCVQ,0.0,0.0,0.0,0.0,0.0,0.0,0.0,0.0,0.0,0.0
DSTLRLCVQS,0.0,0.0,0.0,0.0,0.0,0.0,0.0,0.0,0.0,0.0
DTASTTLLA,0.0,0.0,0.0,0.0,0.0,0.0,0.0,0.0,0.0,0.0
DTPLIPLTIF,0.0,0.0,0.0,0.0,0.0,0.0,0.0,0.0,0.0,0.0
DTPTLHEYM,0.0,0.0,0.0,0.0,0.0,0.0,0.0,0.0,0.0,0.0
DTRAIDQFF,0.0,0.0,0.0,0.0,0.0,0.0,0.0,0.0,0.0,0.0
DVMTYIHSM,0.0,0.0,0.0,0.0,0.0,0.0,0.0,0.0,0.0,0.0
DYCNVKNKEF,0.0,0.0,0.0,0.0,0.0,0.0,0.0,0.0,0.0,0.0
DYCNVLNKEF,0.0,0.0,0.0,0.0,0.0,0.0,0.0,0.0,0.0,0.0
DYDASTESEL,0.0,0.0,0.0,0.0,0.0,0.0,0.0,0.0,0.0,0.0
DYMAIHRSL,0.0,0.0,0.0,0.0,0.0,0.0,0.0,0.0,0.0,0.0
DYNFVKQLF,0.0,0.0,0.0,0.0,0.0,0.0,0.0,0.0,0.0,0.0
DYSQGAFTPL,0.0,0.0,0.0,0.0,0.0,0.0,0.0,0.0,0.0,0.0
EDLLMGTLGIV,0.0,0.0,0.0,0.0,0.0,0.0,0.0,0.0,0.0,0.0
EEAPAAVSF,0.0,0.0,0.0,0.0,0.0,0.0,0.0,0.0,0.0,0.0
EENLLDFVRF,0.0,0.0,0.0,0.0,0.0,0.0,0.0,0.0,0.0,0.0
EENLLDFVRFM,0.0,0.0,0.0,0.0,0.0,0.0,0.0,0.0,0.0,0.0
EENLLDVFRM,0.0,0.0,0.0,0.0,0.0,0.0,0.0,0.0,0.0,0.0
EFVKLTMEY,0.0,0.0,0.0,0.0,0.0,0.0,0.0,0.0,0.0,0.0
EGGVGWRHW,0.0,0.0,0.0,0.0,0.0,0.0,0.0,0.0,0.0,0.0
EIDGPAGQA,0.0,0.0,0.0,0.0,0.0,0.0,0.0,0.0,0.0,0.0
ELQTTIHDI,0.0,0.0,0.0,0.0,0.0,0.0,0.0,0.0,0.0,0.0
EPDRAHYNIV,0.0,0.0,0.0,0.0,0.0,0.0,0.0,0.0,0.0,0.0
EPLPQGQLTAY,0.0,0.0,0.0,0.0,0.0,0.0,0.0,0.0,0.0,0.0
EPRVQLVPL,0.0,0.0,0.0,0.0,0.0,0.0,0.0,0.0,0.0,0.0
EPRYTYWQL,0.0,0.0,0.0,0.0,0.0,0.0,0.0,0.0,0.0,0.0
EQKRAAQRA,0.0,0.0,0.0,0.0,0.0,0.0,0.0,0.0,0.0,0.0
EQQYNKPLC,0.0,0.0,0.0,0.0,0.0,0.0,0.0,0.0,0.0,0.0
ERGDNVQTTG,0.0,0.0,0.0,0.0,0.0,0.0,0.0,0.0,0.0,0.0
ERLVPEESYS,0.0,0.0,0.0,0.0,0.0,0.0,0.0,0.0,0.0,0.0
ERPGPSEQSS,0.0,0.0,0.0,0.0,0.0,0.0,0.0,0.0,0.0,0.0
ERQLPQSTGR,0.0,0.0,0.0,0.0,0.0,0.0,0.0,0.0,0.0,0.0
ERYAREAEVR,0.0,0.0,0.0,0.0,0.0,0.0,0.0,0.0,0.0,0.0
ESDMEVFDY,0.0,0.0,0.0,0.0,0.0,0.0,0.0,0.0,0.0,0.0
ESDSNSNEG,0.0,0.0,0.0,0.0,0.0,0.0,0.0,0.0,0.0,0.0
ESEERPPTPY,0.0,0.0,0.0,0.0,0.0,0.0,0.0,0.0,0.0,0.0
ETATSLAHV,0.0,0.0,0.0,0.0,0.0,0.0,0.0,0.0,0.0,0.0
ETDQMDTIY,0.0,0.0,0.0,0.0,0.0,0.0,0.0,0.0,0.0,0.0
ETFTETWNR,0.0,0.0,0.0,0.0,0.0,0.0,0.0,0.0,0.0,0.0
ETIEKLLSKL,0.0,0.0,0.0,0.0,0.0,0.0,0.0,0.0,0.0,0.0
ETTDLYCY,0.0,0.0,0.0,0.0,0.0,0.0,0.0,0.0,0.0,0.0
ETVADWKRRL,0.0,0.0,0.0,0.0,0.0,0.0,0.0,0.0,0.0,0.0
EVCQATSQY,0.0,0.0,0.0,0.0,0.0,0.0,0.0,0.0,0.0,0.0
EVFFGLSRY,0.0,0.0,0.0,0.0,0.0,0.0,0.0,0.0,0.0,0.0
EVLKDAIKD,0.0,0.0,0.0,0.0,0.0,0.0,0.0,0.0,0.0,0.0
EVVQFMNSM,0.0,0.0,0.0,0.0,0.0,0.0,0.0,0.0,0.0,0.0
EVYDFAFRDL,0.0,0.0,0.0,0.0,0.0,0.0,0.0,0.0,0.0,0.0
EYHQEGGPDG,0.0,0.0,0.0,0.0,0.0,0.0,0.0,0.0,0.0,0.0
EYLLGRFSVL,0.0,0.0,0.0,0.0,0.0,0.0,0.0,0.0,0.0,0.0
EYMLDLQPET,0.0,0.0,0.0,0.0,0.0,0.0,0.0,0.0,0.0,0.0
EYRHYCYSL,0.0,0.0,0.0,0.0,0.0,0.0,0.0,0.0,0.0,0.0
FAFRDLCIV,0.0,0.0,0.0,0.0,0.0,0.0,0.0,0.0,0.0,0.0
FAFRDLCIVY,0.0,0.0,0.0,0.0,0.0,0.0,0.0,0.0,0.0,0.0
FAFRDLCIVYR,0.0,0.0,0.0,0.0,0.0,0.0,0.0,0.0,0.0,0.0
FARERRLAL,0.0,0.0,0.0,0.0,0.0,0.0,0.0,0.0,0.0,0.0
FARQAVWLRE,0.0,0.0,0.0,0.0,0.0,0.0,0.0,0.0,0.0,0.0
FARTLLAAL,0.0,0.0,0.0,0.0,0.0,0.0,0.0,0.0,0.0,0.0
FCCKCDSTL,0.0,0.0,0.0,0.0,0.0,0.0,0.0,0.0,0.0,0.0
FEDPTRRPY,0.0,0.0,0.0,0.0,0.0,0.0,0.0,0.0,0.0,0.0
FELSQMVQW,0.0,0.0,0.0,0.0,0.0,0.0,0.0,0.0,0.0,0.0
FFNVEIPEF,0.0,0.0,0.0,0.0,0.0,0.0,0.0,0.0,0.0,0.0
FFVTTTGQTVE,0.0,0.0,0.0,0.0,0.0,0.0,0.0,0.0,0.0,0.0
FGLVLFPAQI,0.0,0.0,0.0,0.0,0.0,0.0,0.0,0.0,0.0,0.0
FGQLTPHTKAV,0.0,0.0,0.0,0.0,0.0,0.0,0.0,0.0,0.0,0.0
FIPHLFCML,0.0,0.0,0.0,0.0,0.0,0.0,0.0,0.0,0.0,0.0
FIVYIIFVY,0.0,0.0,0.0,0.0,0.0,0.0,0.0,0.0,0.0,0.0
FLDKGTYTL,0.0,0.0,0.0,0.0,0.0,0.0,0.0,0.0,0.0,0.0
FLGERVTLT,0.0,0.0,0.0,0.0,0.0,0.0,0.0,0.0,0.0,0.0
FLGKYIKVKK,0.0,0.0,0.0,0.0,0.0,0.0,0.0,0.0,0.0,0.0
FLLAMTSLR,0.0,0.0,0.0,0.0,0.0,0.0,0.0,0.0,0.0,0.0
FLLCFCVLL,0.0,0.0,0.0,0.0,0.0,0.0,0.0,0.0,0.0,0.0
FLQGSVICFV,0.0,0.0,0.0,0.0,0.0,0.0,0.0,0.0,0.0,0.0
FLQRTDLSY,0.0,0.0,0.0,0.0,0.0,0.0,0.0,0.0,0.0,0.0
FLRGRAYGI,0.0,0.0,0.0,0.0,0.0,0.0,0.0,0.0,0.0,0.0
FLRGRAYGL,0.0,0.0,0.0,0.0,0.0,0.0,0.0,0.0,0.0,0.0
FLSPVIMNK,0.0,0.0,0.0,0.0,0.0,0.0,0.0,0.0,0.0,0.0
FLSQVKIPKT,0.0,0.0,0.0,0.0,0.0,0.0,0.0,0.0,0.0,0.0
FLYALALL,0.0,0.0,0.0,0.0,0.0,0.0,0.0,0.0,0.0,0.0
FLYALALLL,0.0,0.0,0.0,0.0,0.0,0.0,0.0,0.0,0.0,0.0
FMVFLQTHI,0.0,0.0,0.0,0.0,0.0,0.0,0.0,0.0,0.0,0.0
FPALRDAIL,0.0,0.0,0.0,0.0,0.0,0.0,0.0,0.0,0.0,0.0
FQAQNIAGL,0.0,0.0,0.0,0.0,0.0,0.0,0.0,0.0,0.0,0.0
FQDPQERPRK,0.0,0.0,0.0,0.0,0.0,0.0,0.0,0.0,0.0,0.0
FRDLCIVY,0.0,0.0,0.0,0.0,0.0,0.0,0.0,0.0,0.0,0.0
FRKAQIQGL,0.0,0.0,0.0,0.0,0.0,0.0,0.0,0.0,0.0,0.0
FRKAQIQGLS,0.0,0.0,0.0,0.0,0.0,0.0,0.0,0.0,0.0,0.0
FRRDLLCPLGA,0.0,0.0,0.0,0.0,0.0,0.0,0.0,0.0,0.0,0.0
FSSQLGLFY,0.0,0.0,0.0,0.0,0.0,0.0,0.0,0.0,0.0,0.0
FTASVSTVV,0.0,0.0,0.0,0.0,0.0,0.0,0.0,0.0,0.0,0.0
FTPDPYQVPF,0.0,0.0,0.0,0.0,0.0,0.0,0.0,0.0,0.0,0.0
FTPVPMVAL,0.0,0.0,0.0,0.0,0.0,0.0,0.0,0.0,0.0,0.0
FTYPVLEEM,0.0,0.0,0.0,0.0,0.0,0.0,0.0,0.0,0.0,0.0
FVYGGSKTSL,0.0,0.0,0.0,0.0,0.0,0.0,0.0,0.0,0.0,0.0
FVYGGSKTSLY,0.0,0.0,0.0,0.0,0.0,0.0,0.0,0.0,0.0,0.0
FWLYIVMSD,0.0,0.0,0.0,0.0,0.0,0.0,0.0,0.0,0.0,0.0
FYISLIQGL,0.0,0.0,0.0,0.0,0.0,0.0,0.0,0.0,0.0,0.0
FYMTHGLGTL,0.0,0.0,0.0,0.0,0.0,0.0,0.0,0.0,0.0,0.0
FYNIPPMPL,0.0,0.0,0.0,0.0,0.0,0.0,0.0,0.0,0.0,0.0
FYPLATYPL,0.0,0.0,0.0,0.0,0.0,0.0,0.0,0.0,0.0,0.0
FYPPVLQPI,0.0,0.0,0.0,0.0,0.0,0.0,0.0,0.0,0.0,0.0
FYRSLLTIL,0.0,0.0,0.0,0.0,0.0,0.0,0.0,0.0,0.0,0.0
FYSRIREL,0.0,0.0,0.0,0.0,0.0,0.0,0.0,0.0,0.0,0.0
GADSTSRSFMY,0.0,0.0,0.0,0.0,0.0,0.0,0.0,0.0,0.0,0.0
GAGPHLPTL,0.0,0.0,0.0,0.0,0.0,0.0,0.0,0.0,0.0,0.0
GCDPHLPTL,0.0,0.0,0.0,0.0,0.0,0.0,0.0,0.0,0.0,0.0
GDDPHLPTL,0.0,0.0,0.0,0.0,0.0,0.0,0.0,0.0,0.0,0.0
GDTPTLHEY,0.0,0.0,0.0,0.0,0.0,0.0,0.0,0.0,0.0,0.0
GEDPGFFNV,0.0,0.0,0.0,0.0,0.0,0.0,0.0,0.0,0.0,0.0
GEGPGINPI,0.0,0.0,0.0,0.0,0.0,0.0,0.0,0.0,0.0,0.0
GEQGYKVSLDL,0.0,0.0,0.0,0.0,0.0,0.0,0.0,0.0,0.0,0.0
GGDPHLPPL,0.0,0.0,0.0,0.0,0.0,0.0,0.0,0.0,0.0,0.0
GGDPHLPTL,0.0,0.0,0.0,0.0,0.0,0.0,0.0,0.0,0.0,0.0
GGDPHVPTL,0.0,0.0,0.0,0.0,0.0,0.0,0.0,0.0,0.0,0.0
GGDPPLPTL,0.0,0.0,0.0,0.0,0.0,0.0,0.0,0.0,0.0,0.0
GGDTPLPTL,0.0,0.0,0.0,0.0,0.0,0.0,0.0,0.0,0.0,0.0
GGDTPTLHEY,0.0,0.0,0.0,0.0,0.0,0.0,0.0,0.0,0.0,0.0
GIDPHLPTL,0.0,0.0,0.0,0.0,0.0,0.0,0.0,0.0,0.0,0.0
GIRTYFVQF,0.0,0.0,0.0,0.0,0.0,0.0,0.0,0.0,0.0,0.0
GIVCPICSQK,0.0,0.0,0.0,0.0,0.0,0.0,0.0,0.0,0.0,0.0
GLCTLVAM,0.0,0.0,0.0,0.0,0.0,0.0,0.0,0.0,0.0,0.0
GLCTLVAML,0.0,0.0,0.0,0.0,0.0,0.0,0.0,0.0,0.0,0.0
GLGTLGAAI,0.0,0.0,0.0,0.0,0.0,0.0,0.0,0.0,0.0,0.0
GLGTLGAAL,0.0,0.0,0.0,0.0,0.0,0.0,0.0,0.0,0.0,0.0
GLQGIYVLV,0.0,0.0,0.0,0.0,0.0,0.0,0.0,0.0,0.0,0.0
GPGPQPGPL,0.0,0.0,0.0,0.0,0.0,0.0,0.0,0.0,0.0,0.0
GPKVKRPPI,0.0,0.0,0.0,0.0,0.0,0.0,0.0,0.0,0.0,0.0
GPREQERYAR,0.0,0.0,0.0,0.0,0.0,0.0,0.0,0.0,0.0,0.0
GQGGSPTAM,0.0,0.0,0.0,0.0,0.0,0.0,0.0,0.0,0.0,0.0
GQTVEMSPF,0.0,0.0,0.0,0.0,0.0,0.0,0.0,0.0,0.0,0.0
GREITQMQQE,0.0,0.0,0.0,0.0,0.0,0.0,0.0,0.0,0.0,0.0
GRKPQCFWEM,0.0,0.0,0.0,0.0,0.0,0.0,0.0,0.0,0.0,0.0
GRRQKRAAPPT,0.0,0.0,0.0,0.0,0.0,0.0,0.0,0.0,0.0,0.0
GRWTGRCM,0.0,0.0,0.0,0.0,0.0,0.0,0.0,0.0,0.0,0.0
GRWTGRCMSC,0.0,0.0,0.0,0.0,0.0,0.0,0.0,0.0,0.0,0.0
GSDPHLPTL,0.0,0.0,0.0,0.0,0.0,0.0,0.0,0.0,0.0,0.0
GTDPHLPTL,0.0,0.0,0.0,0.0,0.0,0.0,0.0,0.0,0.0,0.0
GTHITNGGY,0.0,0.0,0.0,0.0,0.0,0.0,0.0,0.0,0.0,0.0
GTLGIVCPI,0.0,0.0,0.0,0.0,0.0,0.0,0.0,0.0,0.0,0.0
GTTLEQQYNK,0.0,0.0,0.0,0.0,0.0,0.0,0.0,0.0,0.0,0.0
GTYKRVTEK,0.0,0.0,0.0,0.0,0.0,0.0,0.0,0.0,0.0,0.0
GVFVYGGSK,0.0,0.0,0.0,0.0,0.0,0.0,0.0,0.0,0.0,0.0
GYDVGHGPL,0.0,0.0,0.0,0.0,0.0,0.0,0.0,0.0,0.0,0.0
GYFTSPGGYYA,0.0,0.0,0.0,0.0,0.0,0.0,0.0,0.0,0.0,0.0
GYQEPPAHGL,0.0,0.0,0.0,0.0,0.0,0.0,0.0,0.0,0.0,0.0
GYRTATLRTL,0.0,0.0,0.0,0.0,0.0,0.0,0.0,0.0,0.0,0.0
HAMHISTGL,0.0,0.0,0.0,0.0,0.0,0.0,0.0,0.0,0.0,0.0
HASHYTIPW,0.0,0.0,0.0,0.0,0.0,0.0,0.0,0.0,0.0,0.0
HDIILECV,0.0,0.0,0.0,0.0,0.0,0.0,0.0,0.0,0.0,0.0
HDIILECVY,0.0,0.0,0.0,0.0,0.0,0.0,0.0,0.0,0.0,0.0
HEYMLDLQPET,0.0,0.0,0.0,0.0,0.0,0.0,0.0,0.0,0.0,0.0
HGAPAAHFL,0.0,0.0,0.0,0.0,0.0,0.0,0.0,0.0,0.0,0.0
HGDTPTLHEY,0.0,0.0,0.0,0.0,0.0,0.0,0.0,0.0,0.0,0.0
HHIWQNLL,0.0,0.0,0.0,0.0,0.0,0.0,0.0,0.0,0.0,0.0
HISTGLSIF,0.0,0.0,0.0,0.0,0.0,0.0,0.0,0.0,0.0,0.0
HLAAQGMAY,0.0,0.0,0.0,0.0,0.0,0.0,0.0,0.0,0.0,0.0
HLDELTTTL,0.0,0.0,0.0,0.0,0.0,0.0,0.0,0.0,0.0,0.0
HLDKKQRFH,0.0,0.0,0.0,0.0,0.0,0.0,0.0,0.0,0.0,0.0
HNIRGRWTGR,0.0,0.0,0.0,0.0,0.0,0.0,0.0,0.0,0.0,0.0
HPAATHTKAV,0.0,0.0,0.0,0.0,0.0,0.0,0.0,0.0,0.0,0.0
HPVAEADYFEY,0.0,0.0,0.0,0.0,0.0,0.0,0.0,0.0,0.0,0.0
HPVGDADYFEY,0.0,0.0,0.0,0.0,0.0,0.0,0.0,0.0,0.0,0.0
HPVGEADY,0.0,0.0,0.0,0.0,0.0,0.0,0.0,0.0,0.0,0.0
HPVGEADYF,0.0,0.0,0.0,0.0,0.0,0.0,0.0,0.0,0.0,0.0
HPVGEADYFEY,0.0,0.0,0.0,0.0,0.0,0.0,0.0,0.0,0.0,0.0
HPVGQADYFEY,0.0,0.0,0.0,0.0,0.0,0.0,0.0,0.0,0.0,0.0
HPVLVTATL,0.0,0.0,0.0,0.0,0.0,0.0,0.0,0.0,0.0,0.0
HRCQAIRK,0.0,0.0,0.0,0.0,0.0,0.0,0.0,0.0,0.0,0.0
HRCQAIRKK,0.0,0.0,0.0,0.0,0.0,0.0,0.0,0.0,0.0,0.0
HRDSVDSAPI,0.0,0.0,0.0,0.0,0.0,0.0,0.0,0.0,0.0,0.0
HRKHQDGFQR,0.0,0.0,0.0,0.0,0.0,0.0,0.0,0.0,0.0,0.0
HTHARFLIT,0.0,0.0,0.0,0.0,0.0,0.0,0.0,0.0,0.0,0.0
HVDIRTLED,0.0,0.0,0.0,0.0,0.0,0.0,0.0,0.0,0.0,0.0
HVDIRTLEDL,0.0,0.0,0.0,0.0,0.0,0.0,0.0,0.0,0.0,0.0
HVIQNAFRK,0.0,0.0,0.0,0.0,0.0,0.0,0.0,0.0,0.0,0.0
HVLSLVFGK,0.0,0.0,0.0,0.0,0.0,0.0,0.0,0.0,0.0,0.0
HVSTAPTGSW,0.0,0.0,0.0,0.0,0.0,0.0,0.0,0.0,0.0,0.0
HYANFHNYF,0.0,0.0,0.0,0.0,0.0,0.0,0.0,0.0,0.0,0.0
HYKEIPRLF,0.0,0.0,0.0,0.0,0.0,0.0,0.0,0.0,0.0,0.0
HYNIVTFCC,0.0,0.0,0.0,0.0,0.0,0.0,0.0,0.0,0.0,0.0
HYNIVTFCCK,0.0,0.0,0.0,0.0,0.0,0.0,0.0,0.0,0.0,0.0
HYQTLCTNF,0.0,0.0,0.0,0.0,0.0,0.0,0.0,0.0,0.0,0.0
IALYLQQNW,0.0,0.0,0.0,0.0,0.0,0.0,0.0,0.0,0.0,0.0
ICWGNQLFV,0.0,0.0,0.0,0.0,0.0,0.0,0.0,0.0,0.0,0.0
IEDPPFNSI,0.0,0.0,0.0,0.0,0.0,0.0,0.0,0.0,0.0,0.0
IEDPPFNSL,0.0,0.0,0.0,0.0,0.0,0.0,0.0,0.0,0.0,0.0
IELDGIATL,0.0,0.0,0.0,0.0,0.0,0.0,0.0,0.0,0.0,0.0
IENIDFASL,0.0,0.0,0.0,0.0,0.0,0.0,0.0,0.0,0.0,0.0
IFVYIPLFL,0.0,0.0,0.0,0.0,0.0,0.0,0.0,0.0,0.0,0.0
IHDIILECV,0.0,0.0,0.0,0.0,0.0,0.0,0.0,0.0,0.0,0.0
IHDIILECVY,0.0,0.0,0.0,0.0,0.0,0.0,0.0,0.0,0.0,0.0
IHSMNSTIL,0.0,0.0,0.0,0.0,0.0,0.0,0.0,0.0,0.0,0.0
IIIILIIFI,0.0,0.0,0.0,0.0,0.0,0.0,0.0,0.0,0.0,0.0
IILECVYCK,0.0,0.0,0.0,0.0,0.0,0.0,0.0,0.0,0.0,0.0
IILVLLLWI,0.0,0.0,0.0,0.0,0.0,0.0,0.0,0.0,0.0,0.0
ILIYNGWYA,0.0,0.0,0.0,0.0,0.0,0.0,0.0,0.0,0.0,0.0
ILLARLFLY,0.0,0.0,0.0,0.0,0.0,0.0,0.0,0.0,0.0,0.0
ILLIIALYL,0.0,0.0,0.0,0.0,0.0,0.0,0.0,0.0,0.0,0.0
ILRRFPLDL,0.0,0.0,0.0,0.0,0.0,0.0,0.0,0.0,0.0,0.0
ILTAFNSSHK,0.0,0.0,0.0,0.0,0.0,0.0,0.0,0.0,0.0,0.0
ILTDFSVIK,0.0,0.0,0.0,0.0,0.0,0.0,0.0,0.0,0.0,0.0
ILVLLLWIT,0.0,0.0,0.0,0.0,0.0,0.0,0.0,0.0,0.0,0.0
ILYFIAFAL,0.0,0.0,0.0,0.0,0.0,0.0,0.0,0.0,0.0,0.0
IMAPPVVRM,0.0,0.0,0.0,0.0,0.0,0.0,0.0,0.0,0.0,0.0
INPISKTELQA,0.0,0.0,0.0,0.0,0.0,0.0,0.0,0.0,0.0,0.0
IPLINVTFI,0.0,0.0,0.0,0.0,0.0,0.0,0.0,0.0,0.0,0.0
IPQCRLTPL,0.0,0.0,0.0,0.0,0.0,0.0,0.0,0.0,0.0,0.0
IPRSTVKVTV,0.0,0.0,0.0,0.0,0.0,0.0,0.0,0.0,0.0,0.0
IQAPSNRVM,0.0,0.0,0.0,0.0,0.0,0.0,0.0,0.0,0.0,0.0
IRDAACRAVK,0.0,0.0,0.0,0.0,0.0,0.0,0.0,0.0,0.0,0.0
IRGRWTGRC,0.0,0.0,0.0,0.0,0.0,0.0,0.0,0.0,0.0,0.0
IRPIPTRFPP,0.0,0.0,0.0,0.0,0.0,0.0,0.0,0.0,0.0,0.0
IRRGPLVAEG,0.0,0.0,0.0,0.0,0.0,0.0,0.0,0.0,0.0,0.0
IRTLEDLLMG,0.0,0.0,0.0,0.0,0.0,0.0,0.0,0.0,0.0,0.0
IRTLEDLLMGT,0.0,0.0,0.0,0.0,0.0,0.0,0.0,0.0,0.0,0.0
ISEYRHYCY,0.0,0.0,0.0,0.0,0.0,0.0,0.0,0.0,0.0,0.0
IVAPYLFWL,0.0,0.0,0.0,0.0,0.0,0.0,0.0,0.0,0.0,0.0
IVCPICSQK,0.0,0.0,0.0,0.0,0.0,0.0,0.0,0.0,0.0,0.0
IVKQRRWKL,0.0,0.0,0.0,0.0,0.0,0.0,0.0,0.0,0.0,0.0
IVLHLEPQNEI,0.0,0.0,0.0,0.0,0.0,0.0,0.0,0.0,0.0,0.0
IVMRYVLDH,0.0,0.0,0.0,0.0,0.0,0.0,0.0,0.0,0.0,0.0
IVTDFSVIK,0.0,0.0,0.0,0.0,0.0,0.0,0.0,0.0,0.0,0.0
IVTDFSVIN,0.0,0.0,0.0,0.0,0.0,0.0,0.0,0.0,0.0,0.0
IVTDFSVIR,0.0,0.0,0.0,0.0,0.0,0.0,0.0,0.0,0.0,0.0
IVTDFSVIT,0.0,0.0,0.0,0.0,0.0,0.0,0.0,0.0,0.0,0.0
IVTDLSIIK,0.0,0.0,0.0,0.0,0.0,0.0,0.0,0.0,0.0,0.0
IVTDLSVIK,0.0,0.0,0.0,0.0,0.0,0.0,0.0,0.0,0.0,0.0
IVTFCCKCD,0.0,0.0,0.0,0.0,0.0,0.0,0.0,0.0,0.0,0.0
IVTFCCKCDS,0.0,0.0,0.0,0.0,0.0,0.0,0.0,0.0,0.0,0.0
IVYIIFVYI,0.0,0.0,0.0,0.0,0.0,0.0,0.0,0.0,0.0,0.0
IVYRDGNPY,0.0,0.0,0.0,0.0,0.0,0.0,0.0,0.0,0.0,0.0
IVYRDGNPYA,0.0,0.0,0.0,0.0,0.0,0.0,0.0,0.0,0.0,0.0
IYGDTDSLF,0.0,0.0,0.0,0.0,0.0,0.0,0.0,0.0,0.0,0.0
IYLLEMLWRL,0.0,0.0,0.0,0.0,0.0,0.0,0.0,0.0,0.0,0.0
IYVLVMLVL,0.0,0.0,0.0,0.0,0.0,0.0,0.0,0.0,0.0,0.0
IYVLVMLVLL,0.0,0.0,0.0,0.0,0.0,0.0,0.0,0.0,0.0,0.0
KAVETPILV,0.0,0.0,0.0,0.0,0.0,0.0,0.0,0.0,0.0,0.0
KCLKFYSK,0.0,0.0,0.0,0.0,0.0,0.0,0.0,0.0,0.0,0.0
KCLKFYSKI,0.0,0.0,0.0,0.0,0.0,0.0,0.0,0.0,0.0,0.0
KCRAKFKQL,0.0,0.0,0.0,0.0,0.0,0.0,0.0,0.0,0.0,0.0
KDTWLDARM,0.0,0.0,0.0,0.0,0.0,0.0,0.0,0.0,0.0,0.0
KEHVIQNAF,0.0,0.0,0.0,0.0,0.0,0.0,0.0,0.0,0.0,0.0
KEHVIQNAFRK,0.0,0.0,0.0,0.0,0.0,0.0,0.0,0.0,0.0,0.0
KFKQLLQHY,0.0,0.0,0.0,0.0,0.0,0.0,0.0,0.0,0.0,0.0
KFYSKISEY,0.0,0.0,0.0,0.0,0.0,0.0,0.0,0.0,0.0,0.0
KGDANTLKCL,0.0,0.0,0.0,0.0,0.0,0.0,0.0,0.0,0.0,0.0
KISEYRHYC,0.0,0.0,0.0,0.0,0.0,0.0,0.0,0.0,0.0,0.0
KIVTNILIY,0.0,0.0,0.0,0.0,0.0,0.0,0.0,0.0,0.0,0.0
KLGPGEEQV,0.0,0.0,0.0,0.0,0.0,0.0,0.0,0.0,0.0,0.0
KLLRYASAK,0.0,0.0,0.0,0.0,0.0,0.0,0.0,0.0,0.0,0.0
KLLSKLLCV,0.0,0.0,0.0,0.0,0.0,0.0,0.0,0.0,0.0,0.0
KLLTPVTVL,0.0,0.0,0.0,0.0,0.0,0.0,0.0,0.0,0.0,0.0
KLPDLCTEL,0.0,0.0,0.0,0.0,0.0,0.0,0.0,0.0,0.0,0.0
KLPHLCTEL,0.0,0.0,0.0,0.0,0.0,0.0,0.0,0.0,0.0,0.0
KLPQLCTEL,0.0,0.0,0.0,0.0,0.0,0.0,0.0,0.0,0.0,0.0
KLVCSEPLVK,0.0,0.0,0.0,0.0,0.0,0.0,0.0,0.0,0.0,0.0
KPWLRAHPV,0.0,0.0,0.0,0.0,0.0,0.0,0.0,0.0,0.0,0.0
KQPLCLLAAY,0.0,0.0,0.0,0.0,0.0,0.0,0.0,0.0,0.0,0.0
KQRKPGGPW,0.0,0.0,0.0,0.0,0.0,0.0,0.0,0.0,0.0,0.0
KRAAPPTVSPS,0.0,0.0,0.0,0.0,0.0,0.0,0.0,0.0,0.0,0.0
KRPPIFIRR,0.0,0.0,0.0,0.0,0.0,0.0,0.0,0.0,0.0,0.0
KRPPIFIRRL,0.0,0.0,0.0,0.0,0.0,0.0,0.0,0.0,0.0,0.0
KRPPIFIRRLH,0.0,0.0,0.0,0.0,0.0,0.0,0.0,0.0,0.0,0.0
KRPRVEESSH,0.0,0.0,0.0,0.0,0.0,0.0,0.0,0.0,0.0,0.0
KRTNVKTSDR,0.0,0.0,0.0,0.0,0.0,0.0,0.0,0.0,0.0,0.0
KSAIVTLTY,0.0,0.0,0.0,0.0,0.0,0.0,0.0,0.0,0.0,0.0
KSNSPFDFFV,0.0,0.0,0.0,0.0,0.0,0.0,0.0,0.0,0.0,0.0
KTIGNFKPY,0.0,0.0,0.0,0.0,0.0,0.0,0.0,0.0,0.0,0.0
KTTWVHWAL,0.0,0.0,0.0,0.0,0.0,0.0,0.0,0.0,0.0,0.0
KVLIRCYLC,0.0,0.0,0.0,0.0,0.0,0.0,0.0,0.0,0.0,0.0
LASAMRML,0.0,0.0,0.0,0.0,0.0,0.0,0.0,0.0,0.0,0.0
LASAMRMLW,0.0,0.0,0.0,0.0,0.0,0.0,0.0,0.0,0.0,0.0
LAVSKNKAL,0.0,0.0,0.0,0.0,0.0,0.0,0.0,0.0,0.0,0.0
LAYARGQAM,0.0,0.0,0.0,0.0,0.0,0.0,0.0,0.0,0.0,0.0
LCTELQTTI,0.0,0.0,0.0,0.0,0.0,0.0,0.0,0.0,0.0,0.0
LCVQSTHVD,0.0,0.0,0.0,0.0,0.0,0.0,0.0,0.0,0.0,0.0
LCVQSTHVDI,0.0,0.0,0.0,0.0,0.0,0.0,0.0,0.0,0.0,0.0
LDFVRFMGV,0.0,0.0,0.0,0.0,0.0,0.0,0.0,0.0,0.0,0.0
LEDLLMGTL,0.0,0.0,0.0,0.0,0.0,0.0,0.0,0.0,0.0,0.0
LEDLLMGTLGI,0.0,0.0,0.0,0.0,0.0,0.0,0.0,0.0,0.0,0.0
LEKARGSTY,0.0,0.0,0.0,0.0,0.0,0.0,0.0,0.0,0.0,0.0
LERPLAVQL,0.0,0.0,0.0,0.0,0.0,0.0,0.0,0.0,0.0,0.0
LFFYLRKEQ,0.0,0.0,0.0,0.0,0.0,0.0,0.0,0.0,0.0,0.0
LFQPLHTVM,0.0,0.0,0.0,0.0,0.0,0.0,0.0,0.0,0.0,0.0
LFTFLAMAEKL,0.0,0.0,0.0,0.0,0.0,0.0,0.0,0.0,0.0,0.0
LGATIWQLL,0.0,0.0,0.0,0.0,0.0,0.0,0.0,0.0,0.0,0.0
LGIVCPICS,0.0,0.0,0.0,0.0,0.0,0.0,0.0,0.0,0.0,0.0
LIGFALFGV,0.0,0.0,0.0,0.0,0.0,0.0,0.0,0.0,0.0,0.0
LIIPNVTLAH,0.0,0.0,0.0,0.0,0.0,0.0,0.0,0.0,0.0,0.0
LIPETVPYI,0.0,0.0,0.0,0.0,0.0,0.0,0.0,0.0,0.0,0.0
LIVAAIVFI,0.0,0.0,0.0,0.0,0.0,0.0,0.0,0.0,0.0,0.0
LIVDAVLQL,0.0,0.0,0.0,0.0,0.0,0.0,0.0,0.0,0.0,0.0
LLAAVASSY,0.0,0.0,0.0,0.0,0.0,0.0,0.0,0.0,0.0,0.0
LLARSHVER,0.0,0.0,0.0,0.0,0.0,0.0,0.0,0.0,0.0,0.0
LLASAQPLH,0.0,0.0,0.0,0.0,0.0,0.0,0.0,0.0,0.0,0.0
LLDFVRFMG,0.0,0.0,0.0,0.0,0.0,0.0,0.0,0.0,0.0,0.0
LLDFVRFMGV,0.0,0.0,0.0,0.0,0.0,0.0,0.0,0.0,0.0,0.0
LLDFVRFMGY,0.0,0.0,0.0,0.0,0.0,0.0,0.0,0.0,0.0,0.0
LLDFVRMGV,0.0,0.0,0.0,0.0,0.0,0.0,0.0,0.0,0.0,0.0
LLIEGIFFI,0.0,0.0,0.0,0.0,0.0,0.0,0.0,0.0,0.0,0.0
LLIRCINCQK,0.0,0.0,0.0,0.0,0.0,0.0,0.0,0.0,0.0,0.0
LLITSNINA,0.0,0.0,0.0,0.0,0.0,0.0,0.0,0.0,0.0,0.0
LLLGTLNIV,0.0,0.0,0.0,0.0,0.0,0.0,0.0,0.0,0.0,0.0
LLLIALWNL,0.0,0.0,0.0,0.0,0.0,0.0,0.0,0.0,0.0,0.0
LLLSVSTYT,0.0,0.0,0.0,0.0,0.0,0.0,0.0,0.0,0.0,0.0
LLMGTLGIV,0.0,0.0,0.0,0.0,0.0,0.0,0.0,0.0,0.0,0.0
LLMGTLGIVC,0.0,0.0,0.0,0.0,0.0,0.0,0.0,0.0,0.0,0.0
LLQHYREVAA,0.0,0.0,0.0,0.0,0.0,0.0,0.0,0.0,0.0,0.0
LLQQYCLYL,0.0,0.0,0.0,0.0,0.0,0.0,0.0,0.0,0.0,0.0
LLRREVYDF,0.0,0.0,0.0,0.0,0.0,0.0,0.0,0.0,0.0,0.0
LLRREVYDFA,0.0,0.0,0.0,0.0,0.0,0.0,0.0,0.0,0.0,0.0
LLSAWILTA,0.0,0.0,0.0,0.0,0.0,0.0,0.0,0.0,0.0,0.0
LLSVSTYTS,0.0,0.0,0.0,0.0,0.0,0.0,0.0,0.0,0.0,0.0
LLVDLLWLL,0.0,0.0,0.0,0.0,0.0,0.0,0.0,0.0,0.0,0.0
LLVIVAPYL,0.0,0.0,0.0,0.0,0.0,0.0,0.0,0.0,0.0,0.0
LLWAARPRL,0.0,0.0,0.0,0.0,0.0,0.0,0.0,0.0,0.0,0.0
LLWITAASA,0.0,0.0,0.0,0.0,0.0,0.0,0.0,0.0,0.0,0.0
LLWTLVLL,0.0,0.0,0.0,0.0,0.0,0.0,0.0,0.0,0.0,0.0
LLWTLVVL,0.0,0.0,0.0,0.0,0.0,0.0,0.0,0.0,0.0,0.0
LLWTLVVLL,0.0,0.0,0.0,0.0,0.0,0.0,0.0,0.0,0.0,0.0
LLYDSPATL,0.0,0.0,0.0,0.0,0.0,0.0,0.0,0.0,0.0,0.0
LMARRARSL,0.0,0.0,0.0,0.0,0.0,0.0,0.0,0.0,0.0,0.0
LMGTLGIVCPI,0.0,0.0,0.0,0.0,0.0,0.0,0.0,0.0,0.0,0.0
LMIIPLINV,0.0,0.0,0.0,0.0,0.0,0.0,0.0,0.0,0.0,0.0
LPCVLWPVL,0.0,0.0,0.0,0.0,0.0,0.0,0.0,0.0,0.0,0.0
LPLDLSVILF,0.0,0.0,0.0,0.0,0.0,0.0,0.0,0.0,0.0,0.0
LPPHDITPY,0.0,0.0,0.0,0.0,0.0,0.0,0.0,0.0,0.0,0.0
LPQGQLTAY,0.0,0.0,0.0,0.0,0.0,0.0,0.0,0.0,0.0,0.0
LPQLCTEL,0.0,0.0,0.0,0.0,0.0,0.0,0.0,0.0,0.0,0.0
LPRAWLQRL,0.0,0.0,0.0,0.0,0.0,0.0,0.0,0.0,0.0,0.0
LPRDTGPEL,0.0,0.0,0.0,0.0,0.0,0.0,0.0,0.0,0.0,0.0
LPTPMQLAL,0.0,0.0,0.0,0.0,0.0,0.0,0.0,0.0,0.0,0.0
LPVIVAPYL,0.0,0.0,0.0,0.0,0.0,0.0,0.0,0.0,0.0,0.0
LQALSNLIL,0.0,0.0,0.0,0.0,0.0,0.0,0.0,0.0,0.0,0.0
LQDVSLEVY,0.0,0.0,0.0,0.0,0.0,0.0,0.0,0.0,0.0,0.0
LQHYREVAA,0.0,0.0,0.0,0.0,0.0,0.0,0.0,0.0,0.0,0.0
LQPETTDLY,0.0,0.0,0.0,0.0,0.0,0.0,0.0,0.0,0.0,0.0
LQPPDPVGL,0.0,0.0,0.0,0.0,0.0,0.0,0.0,0.0,0.0,0.0
LQQNWWTLL,0.0,0.0,0.0,0.0,0.0,0.0,0.0,0.0,0.0,0.0
LQSSLHLTA,0.0,0.0,0.0,0.0,0.0,0.0,0.0,0.0,0.0,0.0
LQSSSYPGY,0.0,0.0,0.0,0.0,0.0,0.0,0.0,0.0,0.0,0.0
LQTHIFAEV,0.0,0.0,0.0,0.0,0.0,0.0,0.0,0.0,0.0,0.0
LQTTIHDII,0.0,0.0,0.0,0.0,0.0,0.0,0.0,0.0,0.0,0.0
LRGKWQRRYR,0.0,0.0,0.0,0.0,0.0,0.0,0.0,0.0,0.0,0.0
LRLCVQSTH,0.0,0.0,0.0,0.0,0.0,0.0,0.0,0.0,0.0,0.0
LRLCVQSTHV,0.0,0.0,0.0,0.0,0.0,0.0,0.0,0.0,0.0,0.0
LRTLTPVPNR,0.0,0.0,0.0,0.0,0.0,0.0,0.0,0.0,0.0,0.0
LSAERYTLF,0.0,0.0,0.0,0.0,0.0,0.0,0.0,0.0,0.0,0.0
LSIFDTSLF,0.0,0.0,0.0,0.0,0.0,0.0,0.0,0.0,0.0,0.0
LSRLPFGMA,0.0,0.0,0.0,0.0,0.0,0.0,0.0,0.0,0.0,0.0
LSVIPSNPY,0.0,0.0,0.0,0.0,0.0,0.0,0.0,0.0,0.0,0.0
LSVSTYTSL,0.0,0.0,0.0,0.0,0.0,0.0,0.0,0.0,0.0,0.0
LTAGFLIFL,0.0,0.0,0.0,0.0,0.0,0.0,0.0,0.0,0.0,0.0
LTAPTGCIKK,0.0,0.0,0.0,0.0,0.0,0.0,0.0,0.0,0.0,0.0
LTEAQDQFY,0.0,0.0,0.0,0.0,0.0,0.0,0.0,0.0,0.0,0.0
LTEWGSGNRTY,0.0,0.0,0.0,0.0,0.0,0.0,0.0,0.0,0.0,0.0
LTMVAGAVW,0.0,0.0,0.0,0.0,0.0,0.0,0.0,0.0,0.0,0.0
LTPLSRLPF,0.0,0.0,0.0,0.0,0.0,0.0,0.0,0.0,0.0,0.0
LTQAAGQAF,0.0,0.0,0.0,0.0,0.0,0.0,0.0,0.0,0.0,0.0
LVDLLWLLL,0.0,0.0,0.0,0.0,0.0,0.0,0.0,0.0,0.0,0.0
LVLLLWITA,0.0,0.0,0.0,0.0,0.0,0.0,0.0,0.0,0.0,0.0
LVSSGNTLY,0.0,0.0,0.0,0.0,0.0,0.0,0.0,0.0,0.0,0.0
LVSSSAPSW,0.0,0.0,0.0,0.0,0.0,0.0,0.0,0.0,0.0,0.0
LYALALLLL,0.0,0.0,0.0,0.0,0.0,0.0,0.0,0.0,0.0,0.0
LYEASTTYL,0.0,0.0,0.0,0.0,0.0,0.0,0.0,0.0,0.0,0.0
LYGVSFSEL,0.0,0.0,0.0,0.0,0.0,0.0,0.0,0.0,0.0,0.0
LYLQQNWWTL,0.0,0.0,0.0,0.0,0.0,0.0,0.0,0.0,0.0,0.0
LYNLRRGIAL,0.0,0.0,0.0,0.0,0.0,0.0,0.0,0.0,0.0,0.0
LYNLRRGTA,0.0,0.0,0.0,0.0,0.0,0.0,0.0,0.0,0.0,0.0
LYNLRRGTAL,0.0,0.0,0.0,0.0,0.0,0.0,0.0,0.0,0.0,0.0
LYSFALMLI,0.0,0.0,0.0,0.0,0.0,0.0,0.0,0.0,0.0,0.0
LYTGLAQAL,0.0,0.0,0.0,0.0,0.0,0.0,0.0,0.0,0.0,0.0
MAPPVVRMF,0.0,0.0,0.0,0.0,0.0,0.0,0.0,0.0,0.0,0.0
MEQRVMATL,0.0,0.0,0.0,0.0,0.0,0.0,0.0,0.0,0.0,0.0
MGSLEMLPM,0.0,0.0,0.0,0.0,0.0,0.0,0.0,0.0,0.0,0.0
MGSLEMMPM,0.0,0.0,0.0,0.0,0.0,0.0,0.0,0.0,0.0,0.0
MGSLEMVPM,0.0,0.0,0.0,0.0,0.0,0.0,0.0,0.0,0.0,0.0
MGSLEVMPM,0.0,0.0,0.0,0.0,0.0,0.0,0.0,0.0,0.0,0.0
MHGDTPTL,0.0,0.0,0.0,0.0,0.0,0.0,0.0,0.0,0.0,0.0
MHQKRTAMF,0.0,0.0,0.0,0.0,0.0,0.0,0.0,0.0,0.0,0.0
MLDLQPET,0.0,0.0,0.0,0.0,0.0,0.0,0.0,0.0,0.0,0.0
MLDLQPETT,0.0,0.0,0.0,0.0,0.0,0.0,0.0,0.0,0.0,0.0
MLLLIVAGI,0.0,0.0,0.0,0.0,0.0,0.0,0.0,0.0,0.0,0.0
MLNRYKLIY,0.0,0.0,0.0,0.0,0.0,0.0,0.0,0.0,0.0,0.0
MMAKSNSPF,0.0,0.0,0.0,0.0,0.0,0.0,0.0,0.0,0.0,0.0
MRAGREITQM,0.0,0.0,0.0,0.0,0.0,0.0,0.0,0.0,0.0,0.0
MRERQLPQST,0.0,0.0,0.0,0.0,0.0,0.0,0.0,0.0,0.0,0.0
MSNWTGGAL,0.0,0.0,0.0,0.0,0.0,0.0,0.0,0.0,0.0,0.0
MTAASYARY,0.0,0.0,0.0,0.0,0.0,0.0,0.0,0.0,0.0,0.0
MTNLDTAST,0.0,0.0,0.0,0.0,0.0,0.0,0.0,0.0,0.0,0.0
NAAEPEQPW,0.0,0.0,0.0,0.0,0.0,0.0,0.0,0.0,0.0,0.0
NCNSNTTPI,0.0,0.0,0.0,0.0,0.0,0.0,0.0,0.0,0.0,0.0
NDYHHFKTI,0.0,0.0,0.0,0.0,0.0,0.0,0.0,0.0,0.0,0.0
NEQMIGQVL,0.0,0.0,0.0,0.0,0.0,0.0,0.0,0.0,0.0,0.0
NESVSRIEL,0.0,0.0,0.0,0.0,0.0,0.0,0.0,0.0,0.0,0.0
NGALAINTF,0.0,0.0,0.0,0.0,0.0,0.0,0.0,0.0,0.0,0.0
NIAEGLRAL,0.0,0.0,0.0,0.0,0.0,0.0,0.0,0.0,0.0,0.0
NIVTFCCKC,0.0,0.0,0.0,0.0,0.0,0.0,0.0,0.0,0.0,0.0
NIVTFCCKCD,0.0,0.0,0.0,0.0,0.0,0.0,0.0,0.0,0.0,0.0
NKPLCDLLI,0.0,0.0,0.0,0.0,0.0,0.0,0.0,0.0,0.0,0.0
NLDTASTTL,0.0,0.0,0.0,0.0,0.0,0.0,0.0,0.0,0.0,0.0
NNLPNDVFREA,0.0,0.0,0.0,0.0,0.0,0.0,0.0,0.0,0.0,0.0
NPCHTTKLL,0.0,0.0,0.0,0.0,0.0,0.0,0.0,0.0,0.0,0.0
NPQGERRAF,0.0,0.0,0.0,0.0,0.0,0.0,0.0,0.0,0.0,0.0
NPRLPVCNL,0.0,0.0,0.0,0.0,0.0,0.0,0.0,0.0,0.0,0.0
NPYAVCDKCL,0.0,0.0,0.0,0.0,0.0,0.0,0.0,0.0,0.0,0.0
NRGWMQRIRR,0.0,0.0,0.0,0.0,0.0,0.0,0.0,0.0,0.0,0.0
NRVGADSIML,0.0,0.0,0.0,0.0,0.0,0.0,0.0,0.0,0.0,0.0
NSIIMLGQDDF,0.0,0.0,0.0,0.0,0.0,0.0,0.0,0.0,0.0,0.0
NTTPIVHLK,0.0,0.0,0.0,0.0,0.0,0.0,0.0,0.0,0.0,0.0
NVTEDLASM,0.0,0.0,0.0,0.0,0.0,0.0,0.0,0.0,0.0,0.0
NYNPGTLSSL,0.0,0.0,0.0,0.0,0.0,0.0,0.0,0.0,0.0,0.0
PARSLREWEL,0.0,0.0,0.0,0.0,0.0,0.0,0.0,0.0,0.0,0.0
PDRAHYNIV,0.0,0.0,0.0,0.0,0.0,0.0,0.0,0.0,0.0,0.0
PGPGPQPGPL,0.0,0.0,0.0,0.0,0.0,0.0,0.0,0.0,0.0,0.0
PHGPVQLSYYD,0.0,0.0,0.0,0.0,0.0,0.0,0.0,0.0,0.0,0.0
PKFENIAEGLR,0.0,0.0,0.0,0.0,0.0,0.0,0.0,0.0,0.0,0.0
PLCDLLIRC,0.0,0.0,0.0,0.0,0.0,0.0,0.0,0.0,0.0,0.0
PLFDRKSDAK,0.0,0.0,0.0,0.0,0.0,0.0,0.0,0.0,0.0,0.0
PLFLIHTHA,0.0,0.0,0.0,0.0,0.0,0.0,0.0,0.0,0.0,0.0
PLSRLPFGM,0.0,0.0,0.0,0.0,0.0,0.0,0.0,0.0,0.0,0.0
PLTQHYQIL,0.0,0.0,0.0,0.0,0.0,0.0,0.0,0.0,0.0,0.0
PMPLRPIPL,0.0,0.0,0.0,0.0,0.0,0.0,0.0,0.0,0.0,0.0
PNASGMFESRW,0.0,0.0,0.0,0.0,0.0,0.0,0.0,0.0,0.0,0.0
PPCPYAESSWA,0.0,0.0,0.0,0.0,0.0,0.0,0.0,0.0,0.0,0.0
PRAPHLPPQW,0.0,0.0,0.0,0.0,0.0,0.0,0.0,0.0,0.0,0.0
PRAPIRPIPT,0.0,0.0,0.0,0.0,0.0,0.0,0.0,0.0,0.0,0.0
PRGDATSETS,0.0,0.0,0.0,0.0,0.0,0.0,0.0,0.0,0.0,0.0
PRILAPLSAG,0.0,0.0,0.0,0.0,0.0,0.0,0.0,0.0,0.0,0.0
PRIMAPPVVR,0.0,0.0,0.0,0.0,0.0,0.0,0.0,0.0,0.0,0.0
PRKLPWPTPK,0.0,0.0,0.0,0.0,0.0,0.0,0.0,0.0,0.0,0.0
PRLQLSLVPL,0.0,0.0,0.0,0.0,0.0,0.0,0.0,0.0,0.0,0.0
PRPSWAPSVC,0.0,0.0,0.0,0.0,0.0,0.0,0.0,0.0,0.0,0.0
PRSQHPCYR,0.0,0.0,0.0,0.0,0.0,0.0,0.0,0.0,0.0,0.0
PRVEESSHGP,0.0,0.0,0.0,0.0,0.0,0.0,0.0,0.0,0.0,0.0
PRYEDPDAPL,0.0,0.0,0.0,0.0,0.0,0.0,0.0,0.0,0.0,0.0
PSDSAGNDG,0.0,0.0,0.0,0.0,0.0,0.0,0.0,0.0,0.0,0.0
PVFDRKSDAK,0.0,0.0,0.0,0.0,0.0,0.0,0.0,0.0,0.0,0.0
PYAVCDKCL,0.0,0.0,0.0,0.0,0.0,0.0,0.0,0.0,0.0,0.0
PYLFWLAA,0.0,0.0,0.0,0.0,0.0,0.0,0.0,0.0,0.0,0.0
PYLFWLAAI,0.0,0.0,0.0,0.0,0.0,0.0,0.0,0.0,0.0,0.0
PYLFWLAAIA,0.0,0.0,0.0,0.0,0.0,0.0,0.0,0.0,0.0,0.0
QAEPDRAHY,0.0,0.0,0.0,0.0,0.0,0.0,0.0,0.0,0.0,0.0
QAKWRLQTL,0.0,0.0,0.0,0.0,0.0,0.0,0.0,0.0,0.0,0.0
QAYAAPQLF,0.0,0.0,0.0,0.0,0.0,0.0,0.0,0.0,0.0,0.0
QEPGPVGPL,0.0,0.0,0.0,0.0,0.0,0.0,0.0,0.0,0.0,0.0
QEQLSDTPL,0.0,0.0,0.0,0.0,0.0,0.0,0.0,0.0,0.0,0.0
QERPRKLPQL,0.0,0.0,0.0,0.0,0.0,0.0,0.0,0.0,0.0,0.0
QHLANHPAA,0.0,0.0,0.0,0.0,0.0,0.0,0.0,0.0,0.0,0.0
QIFNKPYWL,0.0,0.0,0.0,0.0,0.0,0.0,0.0,0.0,0.0,0.0
QLCTELQTT,0.0,0.0,0.0,0.0,0.0,0.0,0.0,0.0,0.0,0.0
QLCTELQTTI,0.0,0.0,0.0,0.0,0.0,0.0,0.0,0.0,0.0,0.0
QLLQHYREV,0.0,0.0,0.0,0.0,0.0,0.0,0.0,0.0,0.0,0.0
QLLRREVY,0.0,0.0,0.0,0.0,0.0,0.0,0.0,0.0,0.0,0.0
QLLRREVYDF,0.0,0.0,0.0,0.0,0.0,0.0,0.0,0.0,0.0,0.0
QLSPLLGAV,0.0,0.0,0.0,0.0,0.0,0.0,0.0,0.0,0.0,0.0
QLTPHTKAV,0.0,0.0,0.0,0.0,0.0,0.0,0.0,0.0,0.0,0.0
QNGALAINT,0.0,0.0,0.0,0.0,0.0,0.0,0.0,0.0,0.0,0.0
QNGALAINTF,0.0,0.0,0.0,0.0,0.0,0.0,0.0,0.0,0.0,0.0
QPAPENAY,0.0,0.0,0.0,0.0,0.0,0.0,0.0,0.0,0.0,0.0
QPAPENAYQAY,0.0,0.0,0.0,0.0,0.0,0.0,0.0,0.0,0.0,0.0
QPETTDLYCY,0.0,0.0,0.0,0.0,0.0,0.0,0.0,0.0,0.0,0.0
QPRAPIRPI,0.0,0.0,0.0,0.0,0.0,0.0,0.0,0.0,0.0,0.0
QPRAPIRPIPT,0.0,0.0,0.0,0.0,0.0,0.0,0.0,0.0,0.0,0.0
QPRAPIRPIT,0.0,0.0,0.0,0.0,0.0,0.0,0.0,0.0,0.0,0.0
QPRLTPPQPL,0.0,0.0,0.0,0.0,0.0,0.0,0.0,0.0,0.0,0.0
QQLLRREVY,0.0,0.0,0.0,0.0,0.0,0.0,0.0,0.0,0.0,0.0
QQMFPGAPF,0.0,0.0,0.0,0.0,0.0,0.0,0.0,0.0,0.0,0.0
QQNWWTLLV,0.0,0.0,0.0,0.0,0.0,0.0,0.0,0.0,0.0,0.0
QQYNKPLCDL,0.0,0.0,0.0,0.0,0.0,0.0,0.0,0.0,0.0,0.0
QRFHNIRGRW,0.0,0.0,0.0,0.0,0.0,0.0,0.0,0.0,0.0,0.0
QRIRRRRRRR,0.0,0.0,0.0,0.0,0.0,0.0,0.0,0.0,0.0,0.0
QRLQDIRRGPL,0.0,0.0,0.0,0.0,0.0,0.0,0.0,0.0,0.0,0.0
QRPVMFVSRV,0.0,0.0,0.0,0.0,0.0,0.0,0.0,0.0,0.0,0.0
QRRYRRIYDL,0.0,0.0,0.0,0.0,0.0,0.0,0.0,0.0,0.0,0.0
QRRYRRIYPL,0.0,0.0,0.0,0.0,0.0,0.0,0.0,0.0,0.0,0.0
QRSGRRQKRA,0.0,0.0,0.0,0.0,0.0,0.0,0.0,0.0,0.0,0.0
QRSYVSGVL,0.0,0.0,0.0,0.0,0.0,0.0,0.0,0.0,0.0,0.0
QSRGDENRGW,0.0,0.0,0.0,0.0,0.0,0.0,0.0,0.0,0.0,0.0
QSTHVDIRT,0.0,0.0,0.0,0.0,0.0,0.0,0.0,0.0,0.0,0.0
QSTHVDIRTL,0.0,0.0,0.0,0.0,0.0,0.0,0.0,0.0,0.0,0.0
QTAAAVVF,0.0,0.0,0.0,0.0,0.0,0.0,0.0,0.0,0.0,0.0
QTHIFAEVL,0.0,0.0,0.0,0.0,0.0,0.0,0.0,0.0,0.0,0.0
QTVEMSPFY,0.0,0.0,0.0,0.0,0.0,0.0,0.0,0.0,0.0,0.0
QVATEGLAK,0.0,0.0,0.0,0.0,0.0,0.0,0.0,0.0,0.0,0.0
QVDYYGLYY,0.0,0.0,0.0,0.0,0.0,0.0,0.0,0.0,0.0,0.0
QVILCPTSV,0.0,0.0,0.0,0.0,0.0,0.0,0.0,0.0,0.0,0.0
QVVEHLNRM,0.0,0.0,0.0,0.0,0.0,0.0,0.0,0.0,0.0,0.0
QYNKPLCDL,0.0,0.0,0.0,0.0,0.0,0.0,0.0,0.0,0.0,0.0
QYNKPLCDLL,0.0,0.0,0.0,0.0,0.0,0.0,0.0,0.0,0.0,0.0
RAHNIVYTIF,0.0,0.0,0.0,0.0,0.0,0.0,0.0,0.0,0.0,0.0
RAHYNIVTE,0.0,0.0,0.0,0.0,0.0,0.0,0.0,0.0,0.0,0.0
RAHYNIVTF,0.0,0.0,0.0,0.0,0.0,0.0,0.0,0.0,0.0,0.0
RAHYNIVTFC,0.0,0.0,0.0,0.0,0.0,0.0,0.0,0.0,0.0,0.0
RAHYSIVTF,0.0,0.0,0.0,0.0,0.0,0.0,0.0,0.0,0.0,0.0
RAKFKHLLQ,0.0,0.0,0.0,0.0,0.0,0.0,0.0,0.0,0.0,0.0
RAKFKQLL,0.0,0.0,0.0,0.0,0.0,0.0,0.0,0.0,0.0,0.0
RAKFKQLLQ,0.0,0.0,0.0,0.0,0.0,0.0,0.0,0.0,0.0,0.0
RALIDEFMSV,0.0,0.0,0.0,0.0,0.0,0.0,0.0,0.0,0.0,0.0
RCINCQKPL,0.0,0.0,0.0,0.0,0.0,0.0,0.0,0.0,0.0,0.0
REAGMAATL,0.0,0.0,0.0,0.0,0.0,0.0,0.0,0.0,0.0,0.0
REGGGAVRL,0.0,0.0,0.0,0.0,0.0,0.0,0.0,0.0,0.0,0.0
RENHTEGLL,0.0,0.0,0.0,0.0,0.0,0.0,0.0,0.0,0.0,0.0
RESIVCYFM,0.0,0.0,0.0,0.0,0.0,0.0,0.0,0.0,0.0,0.0
RFHNIRGRW,0.0,0.0,0.0,0.0,0.0,0.0,0.0,0.0,0.0,0.0
RFIAQLLLL,0.0,0.0,0.0,0.0,0.0,0.0,0.0,0.0,0.0,0.0
RFPPPPMPL,0.0,0.0,0.0,0.0,0.0,0.0,0.0,0.0,0.0,0.0
RHLDKKQRF,0.0,0.0,0.0,0.0,0.0,0.0,0.0,0.0,0.0,0.0
RKIYDLIEL,0.0,0.0,0.0,0.0,0.0,0.0,0.0,0.0,0.0,0.0
RLASSLYVY,0.0,0.0,0.0,0.0,0.0,0.0,0.0,0.0,0.0,0.0
RLATVGYPK,0.0,0.0,0.0,0.0,0.0,0.0,0.0,0.0,0.0,0.0
RLCVQSTHV,0.0,0.0,0.0,0.0,0.0,0.0,0.0,0.0,0.0,0.0
RLCVQSTHVD,0.0,0.0,0.0,0.0,0.0,0.0,0.0,0.0,0.0,0.0
RLECAIYYK,0.0,0.0,0.0,0.0,0.0,0.0,0.0,0.0,0.0,0.0
RLFLYALAL,0.0,0.0,0.0,0.0,0.0,0.0,0.0,0.0,0.0,0.0
RLGATIWQL,0.0,0.0,0.0,0.0,0.0,0.0,0.0,0.0,0.0,0.0
RLHRLLLMR,0.0,0.0,0.0,0.0,0.0,0.0,0.0,0.0,0.0,0.0
RLNVCQDKIL,0.0,0.0,0.0,0.0,0.0,0.0,0.0,0.0,0.0,0.0
RLQLSSVPL,0.0,0.0,0.0,0.0,0.0,0.0,0.0,0.0,0.0,0.0
RLRAEAQVK,0.0,0.0,0.0,0.0,0.0,0.0,0.0,0.0,0.0,0.0
RLVTLKDIV,0.0,0.0,0.0,0.0,0.0,0.0,0.0,0.0,0.0,0.0
RLVWACVGV,0.0,0.0,0.0,0.0,0.0,0.0,0.0,0.0,0.0,0.0
RMFMRERQL,0.0,0.0,0.0,0.0,0.0,0.0,0.0,0.0,0.0,0.0
RMLCMAQYL,0.0,0.0,0.0,0.0,0.0,0.0,0.0,0.0,0.0,0.0
RPAPPKIAM,0.0,0.0,0.0,0.0,0.0,0.0,0.0,0.0,0.0,0.0
RPFKSNKST,0.0,0.0,0.0,0.0,0.0,0.0,0.0,0.0,0.0,0.0
RPGRPLAGFYA,0.0,0.0,0.0,0.0,0.0,0.0,0.0,0.0,0.0,0.0
RPLLLSVST,0.0,0.0,0.0,0.0,0.0,0.0,0.0,0.0,0.0,0.0
RPPIFIRLL,0.0,0.0,0.0,0.0,0.0,0.0,0.0,0.0,0.0,0.0
RPPIFIRRL,0.0,0.0,0.0,0.0,0.0,0.0,0.0,0.0,0.0,0.0
RPPIFIRRLH,0.0,0.0,0.0,0.0,0.0,0.0,0.0,0.0,0.0,0.0
RPPIFIRRLHR,0.0,0.0,0.0,0.0,0.0,0.0,0.0,0.0,0.0,0.0
RPQGGSRPEFV,0.0,0.0,0.0,0.0,0.0,0.0,0.0,0.0,0.0,0.0
RPQKRPSCI,0.0,0.0,0.0,0.0,0.0,0.0,0.0,0.0,0.0,0.0
RPQKRPSCIGC,0.0,0.0,0.0,0.0,0.0,0.0,0.0,0.0,0.0,0.0
RPRFEHPHL,0.0,0.0,0.0,0.0,0.0,0.0,0.0,0.0,0.0,0.0
RPRIMAPPV,0.0,0.0,0.0,0.0,0.0,0.0,0.0,0.0,0.0,0.0
RPRKLPQL,0.0,0.0,0.0,0.0,0.0,0.0,0.0,0.0,0.0,0.0
RPRKLPQLC,0.0,0.0,0.0,0.0,0.0,0.0,0.0,0.0,0.0,0.0
RPRKLPQLCT,0.0,0.0,0.0,0.0,0.0,0.0,0.0,0.0,0.0,0.0
RPRNRYSQL,0.0,0.0,0.0,0.0,0.0,0.0,0.0,0.0,0.0,0.0
RPRPPARSL,0.0,0.0,0.0,0.0,0.0,0.0,0.0,0.0,0.0,0.0
RPRPRTPEW,0.0,0.0,0.0,0.0,0.0,0.0,0.0,0.0,0.0,0.0
RPTELQPTP,0.0,0.0,0.0,0.0,0.0,0.0,0.0,0.0,0.0,0.0
RQHPGLFPF,0.0,0.0,0.0,0.0,0.0,0.0,0.0,0.0,0.0,0.0
RRAALSGHL,0.0,0.0,0.0,0.0,0.0,0.0,0.0,0.0,0.0,0.0
RRAALSGHLL,0.0,0.0,0.0,0.0,0.0,0.0,0.0,0.0,0.0,0.0
RRARSLSAERY,0.0,0.0,0.0,0.0,0.0,0.0,0.0,0.0,0.0,0.0
RREVYDFAFR,0.0,0.0,0.0,0.0,0.0,0.0,0.0,0.0,0.0,0.0
RRGACVVYDD,0.0,0.0,0.0,0.0,0.0,0.0,0.0,0.0,0.0,0.0
RRGIKEHVIQ,0.0,0.0,0.0,0.0,0.0,0.0,0.0,0.0,0.0,0.0
RRIFDLIEL,0.0,0.0,0.0,0.0,0.0,0.0,0.0,0.0,0.0,0.0
RRIYDIEL,0.0,0.0,0.0,0.0,0.0,0.0,0.0,0.0,0.0,0.0
RRIYDLIEL,0.0,0.0,0.0,0.0,0.0,0.0,0.0,0.0,0.0,0.0
RRLHRLLLM,0.0,0.0,0.0,0.0,0.0,0.0,0.0,0.0,0.0,0.0
RRLTVCGGIMF,0.0,0.0,0.0,0.0,0.0,0.0,0.0,0.0,0.0,0.0
RRLVVTLQC,0.0,0.0,0.0,0.0,0.0,0.0,0.0,0.0,0.0,0.0
RRPNHMNVL,0.0,0.0,0.0,0.0,0.0,0.0,0.0,0.0,0.0,0.0
RRQKRAAPPT,0.0,0.0,0.0,0.0,0.0,0.0,0.0,0.0,0.0,0.0
RRRKGWIPL,0.0,0.0,0.0,0.0,0.0,0.0,0.0,0.0,0.0,0.0
RRRRRRAAL,0.0,0.0,0.0,0.0,0.0,0.0,0.0,0.0,0.0,0.0
RRRWRRLTV,0.0,0.0,0.0,0.0,0.0,0.0,0.0,0.0,0.0,0.0
RRVRRRVLV,0.0,0.0,0.0,0.0,0.0,0.0,0.0,0.0,0.0,0.0
RRWRRLTVC,0.0,0.0,0.0,0.0,0.0,0.0,0.0,0.0,0.0,0.0
RRYASQTEL,0.0,0.0,0.0,0.0,0.0,0.0,0.0,0.0,0.0,0.0
RRYPYPAR,0.0,0.0,0.0,0.0,0.0,0.0,0.0,0.0,0.0,0.0
RRYRRIYDL,0.0,0.0,0.0,0.0,0.0,0.0,0.0,0.0,0.0,0.0
RRYRRIYDLI,0.0,0.0,0.0,0.0,0.0,0.0,0.0,0.0,0.0,0.0
RSDEYVAYY,0.0,0.0,0.0,0.0,0.0,0.0,0.0,0.0,0.0,0.0
RSSRTRRETQ,0.0,0.0,0.0,0.0,0.0,0.0,0.0,0.0,0.0,0.0
RTAMFQDPQ,0.0,0.0,0.0,0.0,0.0,0.0,0.0,0.0,0.0,0.0
RTAMFQDPQER,0.0,0.0,0.0,0.0,0.0,0.0,0.0,0.0,0.0,0.0
RTLEDLLMGT,0.0,0.0,0.0,0.0,0.0,0.0,0.0,0.0,0.0,0.0
RTLEDLLMGTL,0.0,0.0,0.0,0.0,0.0,0.0,0.0,0.0,0.0,0.0
RTWDRMTEKL,0.0,0.0,0.0,0.0,0.0,0.0,0.0,0.0,0.0,0.0
RVRAYTYSK,0.0,0.0,0.0,0.0,0.0,0.0,0.0,0.0,0.0,0.0
RVRAYTYSKV,0.0,0.0,0.0,0.0,0.0,0.0,0.0,0.0,0.0,0.0
RWTGRCMSCC,0.0,0.0,0.0,0.0,0.0,0.0,0.0,0.0,0.0,0.0
RYAREAEVRF,0.0,0.0,0.0,0.0,0.0,0.0,0.0,0.0,0.0,0.0
RYCCYYCLTL,0.0,0.0,0.0,0.0,0.0,0.0,0.0,0.0,0.0,0.0
RYEDPDAPL,0.0,0.0,0.0,0.0,0.0,0.0,0.0,0.0,0.0,0.0
RYFTVAFLF,0.0,0.0,0.0,0.0,0.0,0.0,0.0,0.0,0.0,0.0
RYKNRVASR,0.0,0.0,0.0,0.0,0.0,0.0,0.0,0.0,0.0,0.0
RYRFKKHCTL,0.0,0.0,0.0,0.0,0.0,0.0,0.0,0.0,0.0,0.0
RYSESGQFHAF,0.0,0.0,0.0,0.0,0.0,0.0,0.0,0.0,0.0,0.0
RYSIFFDY,0.0,0.0,0.0,0.0,0.0,0.0,0.0,0.0,0.0,0.0
RYSIFFDYM,0.0,0.0,0.0,0.0,0.0,0.0,0.0,0.0,0.0,0.0
SAFRCFIVY,0.0,0.0,0.0,0.0,0.0,0.0,0.0,0.0,0.0,0.0
SCSSCPLSK,0.0,0.0,0.0,0.0,0.0,0.0,0.0,0.0,0.0,0.0
SEIAYKYAQL,0.0,0.0,0.0,0.0,0.0,0.0,0.0,0.0,0.0,0.0
SELEIKRY,0.0,0.0,0.0,0.0,0.0,0.0,0.0,0.0,0.0,0.0
SENDRLRLL,0.0,0.0,0.0,0.0,0.0,0.0,0.0,0.0,0.0,0.0
SEPCEALDL,0.0,0.0,0.0,0.0,0.0,0.0,0.0,0.0,0.0,0.0
SEPDTGNPCH,0.0,0.0,0.0,0.0,0.0,0.0,0.0,0.0,0.0,0.0
SESGQFHAF,0.0,0.0,0.0,0.0,0.0,0.0,0.0,0.0,0.0,0.0
SEYRHYCYSL,0.0,0.0,0.0,0.0,0.0,0.0,0.0,0.0,0.0,0.0
SFDDGVDL,0.0,0.0,0.0,0.0,0.0,0.0,0.0,0.0,0.0,0.0
SFFDRKSDAK,0.0,0.0,0.0,0.0,0.0,0.0,0.0,0.0,0.0,0.0
SFLTALKRFL,0.0,0.0,0.0,0.0,0.0,0.0,0.0,0.0,0.0,0.0
SIDQLCKTF,0.0,0.0,0.0,0.0,0.0,0.0,0.0,0.0,0.0,0.0
SIVADMVTY,0.0,0.0,0.0,0.0,0.0,0.0,0.0,0.0,0.0,0.0
SIVCYFMVFL,0.0,0.0,0.0,0.0,0.0,0.0,0.0,0.0,0.0,0.0
SKISEYRHY,0.0,0.0,0.0,0.0,0.0,0.0,0.0,0.0,0.0,0.0
SLACSWGMV,0.0,0.0,0.0,0.0,0.0,0.0,0.0,0.0,0.0,0.0
SLACSWGMVV,0.0,0.0,0.0,0.0,0.0,0.0,0.0,0.0,0.0,0.0
SLFDRKSDAK,0.0,0.0,0.0,0.0,0.0,0.0,0.0,0.0,0.0,0.0
SLGGLLTMA,0.0,0.0,0.0,0.0,0.0,0.0,0.0,0.0,0.0,0.0
SLGGLLTMV,0.0,0.0,0.0,0.0,0.0,0.0,0.0,0.0,0.0,0.0
SLIILVLLL,0.0,0.0,0.0,0.0,0.0,0.0,0.0,0.0,0.0,0.0
SLREWLLRI,0.0,0.0,0.0,0.0,0.0,0.0,0.0,0.0,0.0,0.0
SLTRDDAEYL,0.0,0.0,0.0,0.0,0.0,0.0,0.0,0.0,0.0,0.0
SLVIVTTFV,0.0,0.0,0.0,0.0,0.0,0.0,0.0,0.0,0.0,0.0
SLYGTTLEQ,0.0,0.0,0.0,0.0,0.0,0.0,0.0,0.0,0.0,0.0
SMFIGTPNV,0.0,0.0,0.0,0.0,0.0,0.0,0.0,0.0,0.0,0.0
SMNPVCLPV,0.0,0.0,0.0,0.0,0.0,0.0,0.0,0.0,0.0,0.0
SPEIIRQHL,0.0,0.0,0.0,0.0,0.0,0.0,0.0,0.0,0.0,0.0
SPRHYSTDL,0.0,0.0,0.0,0.0,0.0,0.0,0.0,0.0,0.0,0.0
SPRLKAICI,0.0,0.0,0.0,0.0,0.0,0.0,0.0,0.0,0.0,0.0
SQAAFGLPI,0.0,0.0,0.0,0.0,0.0,0.0,0.0,0.0,0.0,0.0
SQAPLPCVL,0.0,0.0,0.0,0.0,0.0,0.0,0.0,0.0,0.0,0.0
SQFPDFSVL,0.0,0.0,0.0,0.0,0.0,0.0,0.0,0.0,0.0,0.0
SQISNTEMY,0.0,0.0,0.0,0.0,0.0,0.0,0.0,0.0,0.0,0.0
SQQPVQMLY,0.0,0.0,0.0,0.0,0.0,0.0,0.0,0.0,0.0,0.0
SRDQQPWGQS,0.0,0.0,0.0,0.0,0.0,0.0,0.0,0.0,0.0,0.0
SRGDENRGWM,0.0,0.0,0.0,0.0,0.0,0.0,0.0,0.0,0.0,0.0
SRQSPDNERG,0.0,0.0,0.0,0.0,0.0,0.0,0.0,0.0,0.0,0.0
SRRRRGACVV,0.0,0.0,0.0,0.0,0.0,0.0,0.0,0.0,0.0,0.0
SRRTSRPNR,0.0,0.0,0.0,0.0,0.0,0.0,0.0,0.0,0.0,0.0
SRVHGNGTL,0.0,0.0,0.0,0.0,0.0,0.0,0.0,0.0,0.0,0.0
SRVPAKKPRK,0.0,0.0,0.0,0.0,0.0,0.0,0.0,0.0,0.0,0.0
SRWPYLHNR,0.0,0.0,0.0,0.0,0.0,0.0,0.0,0.0,0.0,0.0
SSCSSCPL,0.0,0.0,0.0,0.0,0.0,0.0,0.0,0.0,0.0,0.0
SSCSSCPLS,0.0,0.0,0.0,0.0,0.0,0.0,0.0,0.0,0.0,0.0
SSCSSCPLSK,0.0,0.0,0.0,0.0,0.0,0.0,0.0,0.0,0.0,0.0
SSCSSCPLSKI,0.0,0.0,0.0,0.0,0.0,0.0,0.0,0.0,0.0,0.0
SSCSSCPLSKV,0.0,0.0,0.0,0.0,0.0,0.0,0.0,0.0,0.0,0.0
SSPEIIRQHL,0.0,0.0,0.0,0.0,0.0,0.0,0.0,0.0,0.0,0.0
SSRTRRETQL,0.0,0.0,0.0,0.0,0.0,0.0,0.0,0.0,0.0,0.0
SSSIGLALL,0.0,0.0,0.0,0.0,0.0,0.0,0.0,0.0,0.0,0.0
SSTEFIPHL,0.0,0.0,0.0,0.0,0.0,0.0,0.0,0.0,0.0,0.0
SSYAAAQRK,0.0,0.0,0.0,0.0,0.0,0.0,0.0,0.0,0.0,0.0
STAPTGSWF,0.0,0.0,0.0,0.0,0.0,0.0,0.0,0.0,0.0,0.0
STEFIPHLF,0.0,0.0,0.0,0.0,0.0,0.0,0.0,0.0,0.0,0.0
STHVDIRTL,0.0,0.0,0.0,0.0,0.0,0.0,0.0,0.0,0.0,0.0
STHVDIRTLE,0.0,0.0,0.0,0.0,0.0,0.0,0.0,0.0,0.0,0.0
STLRLCVQS,0.0,0.0,0.0,0.0,0.0,0.0,0.0,0.0,0.0,0.0
STLRLCVQST,0.0,0.0,0.0,0.0,0.0,0.0,0.0,0.0,0.0,0.0
STYTSLIIL,0.0,0.0,0.0,0.0,0.0,0.0,0.0,0.0,0.0,0.0
SVFYRKPDTK,0.0,0.0,0.0,0.0,0.0,0.0,0.0,0.0,0.0,0.0
SVRDRLAR,0.0,0.0,0.0,0.0,0.0,0.0,0.0,0.0,0.0,0.0
SVRDRLARL,0.0,0.0,0.0,0.0,0.0,0.0,0.0,0.0,0.0,0.0
SVSTYTSLI,0.0,0.0,0.0,0.0,0.0,0.0,0.0,0.0,0.0,0.0
SYAAAQRKL,0.0,0.0,0.0,0.0,0.0,0.0,0.0,0.0,0.0,0.0
SYAAAQRKLL,0.0,0.0,0.0,0.0,0.0,0.0,0.0,0.0,0.0,0.0
SYGCPTNPF,0.0,0.0,0.0,0.0,0.0,0.0,0.0,0.0,0.0,0.0
SYKTLREFF,0.0,0.0,0.0,0.0,0.0,0.0,0.0,0.0,0.0,0.0
SYQALAFDI,0.0,0.0,0.0,0.0,0.0,0.0,0.0,0.0,0.0,0.0
SYSIPSMTL,0.0,0.0,0.0,0.0,0.0,0.0,0.0,0.0,0.0,0.0
SYVKQPLCL,0.0,0.0,0.0,0.0,0.0,0.0,0.0,0.0,0.0,0.0
SYVKQPLCLL,0.0,0.0,0.0,0.0,0.0,0.0,0.0,0.0,0.0,0.0
TAYCPLQHW,0.0,0.0,0.0,0.0,0.0,0.0,0.0,0.0,0.0,0.0
TEDNVPPWL,0.0,0.0,0.0,0.0,0.0,0.0,0.0,0.0,0.0,0.0
TELQTTIHDI,0.0,0.0,0.0,0.0,0.0,0.0,0.0,0.0,0.0,0.0
TEMYIMYAM,0.0,0.0,0.0,0.0,0.0,0.0,0.0,0.0,0.0,0.0
TFCCKCDSTL,0.0,0.0,0.0,0.0,0.0,0.0,0.0,0.0,0.0,0.0
THIFAEVLKD,0.0,0.0,0.0,0.0,0.0,0.0,0.0,0.0,0.0,0.0
THVDIRTLE,0.0,0.0,0.0,0.0,0.0,0.0,0.0,0.0,0.0,0.0
THVDIRTLED,0.0,0.0,0.0,0.0,0.0,0.0,0.0,0.0,0.0,0.0
TIHDIILEC,0.0,0.0,0.0,0.0,0.0,0.0,0.0,0.0,0.0,0.0
TIHDIILECV,0.0,0.0,0.0,0.0,0.0,0.0,0.0,0.0,0.0,0.0
TLDTKPLSV,0.0,0.0,0.0,0.0,0.0,0.0,0.0,0.0,0.0,0.0
TLDYKPLSV,0.0,0.0,0.0,0.0,0.0,0.0,0.0,0.0,0.0,0.0
TLEDLLMGT,0.0,0.0,0.0,0.0,0.0,0.0,0.0,0.0,0.0,0.0
TLEDLLMGTL,0.0,0.0,0.0,0.0,0.0,0.0,0.0,0.0,0.0,0.0
TLEQQYNK,0.0,0.0,0.0,0.0,0.0,0.0,0.0,0.0,0.0,0.0
TLFIGSHVV,0.0,0.0,0.0,0.0,0.0,0.0,0.0,0.0,0.0,0.0
TLGIVCPI,0.0,0.0,0.0,0.0,0.0,0.0,0.0,0.0,0.0,0.0
TLGIVCPIC,0.0,0.0,0.0,0.0,0.0,0.0,0.0,0.0,0.0,0.0
TLHEYMLDL,0.0,0.0,0.0,0.0,0.0,0.0,0.0,0.0,0.0,0.0
TLHEYMLDLQP,0.0,0.0,0.0,0.0,0.0,0.0,0.0,0.0,0.0,0.0
TLIDVCPI,0.0,0.0,0.0,0.0,0.0,0.0,0.0,0.0,0.0,0.0
TLKCLRYRFK,0.0,0.0,0.0,0.0,0.0,0.0,0.0,0.0,0.0,0.0
TLKDIVLDL,0.0,0.0,0.0,0.0,0.0,0.0,0.0,0.0,0.0,0.0
TLLACFLLC,0.0,0.0,0.0,0.0,0.0,0.0,0.0,0.0,0.0,0.0
TLLQQYCLYL,0.0,0.0,0.0,0.0,0.0,0.0,0.0,0.0,0.0,0.0
TLLVDLLWL,0.0,0.0,0.0,0.0,0.0,0.0,0.0,0.0,0.0,0.0
TLNLTTMFL,0.0,0.0,0.0,0.0,0.0,0.0,0.0,0.0,0.0,0.0
TLPQPRIPL,0.0,0.0,0.0,0.0,0.0,0.0,0.0,0.0,0.0,0.0
TLQDVSLEV,0.0,0.0,0.0,0.0,0.0,0.0,0.0,0.0,0.0,0.0
TLQDVSLEVYL,0.0,0.0,0.0,0.0,0.0,0.0,0.0,0.0,0.0,0.0
TLRLCVQST,0.0,0.0,0.0,0.0,0.0,0.0,0.0,0.0,0.0,0.0
TLRLCVQSTH,0.0,0.0,0.0,0.0,0.0,0.0,0.0,0.0,0.0,0.0
TLTSYWRR,0.0,0.0,0.0,0.0,0.0,0.0,0.0,0.0,0.0,0.0
TLTSYWRRV,0.0,0.0,0.0,0.0,0.0,0.0,0.0,0.0,0.0,0.0
TLVDVRAIK,0.0,0.0,0.0,0.0,0.0,0.0,0.0,0.0,0.0,0.0
TLYTAVSST,0.0,0.0,0.0,0.0,0.0,0.0,0.0,0.0,0.0,0.0
TMHQDVATF,0.0,0.0,0.0,0.0,0.0,0.0,0.0,0.0,0.0,0.0
TPDPYQVPFV,0.0,0.0,0.0,0.0,0.0,0.0,0.0,0.0,0.0,0.0
TPRPVSRFL,0.0,0.0,0.0,0.0,0.0,0.0,0.0,0.0,0.0,0.0
TPSVSSSISSL,0.0,0.0,0.0,0.0,0.0,0.0,0.0,0.0,0.0,0.0
TPTLHEYML,0.0,0.0,0.0,0.0,0.0,0.0,0.0,0.0,0.0,0.0
TRFPPPPMPL,0.0,0.0,0.0,0.0,0.0,0.0,0.0,0.0,0.0,0.0
TSFESHDIDHY,0.0,0.0,0.0,0.0,0.0,0.0,0.0,0.0,0.0,0.0
TSKFLMGTY,0.0,0.0,0.0,0.0,0.0,0.0,0.0,0.0,0.0,0.0
TSLIILVLL,0.0,0.0,0.0,0.0,0.0,0.0,0.0,0.0,0.0,0.0
TSPSQSWPM,0.0,0.0,0.0,0.0,0.0,0.0,0.0,0.0,0.0,0.0
TSSPSMPEL,0.0,0.0,0.0,0.0,0.0,0.0,0.0,0.0,0.0,0.0
TTDLYCYEQ,0.0,0.0,0.0,0.0,0.0,0.0,0.0,0.0,0.0,0.0
TTHKVIFSK,0.0,0.0,0.0,0.0,0.0,0.0,0.0,0.0,0.0,0.0
TTIHDIILECV,0.0,0.0,0.0,0.0,0.0,0.0,0.0,0.0,0.0,0.0
TTLEQQYNK,0.0,0.0,0.0,0.0,0.0,0.0,0.0,0.0,0.0,0.0
TTLLACFLL,0.0,0.0,0.0,0.0,0.0,0.0,0.0,0.0,0.0,0.0
TVARHLLGAK,0.0,0.0,0.0,0.0,0.0,0.0,0.0,0.0,0.0,0.0
TVCGGIMFL,0.0,0.0,0.0,0.0,0.0,0.0,0.0,0.0,0.0,0.0
TVFYNIPPM,0.0,0.0,0.0,0.0,0.0,0.0,0.0,0.0,0.0,0.0
TVFYNIPPMPL,0.0,0.0,0.0,0.0,0.0,0.0,0.0,0.0,0.0,0.0
TVMEIAGLY,0.0,0.0,0.0,0.0,0.0,0.0,0.0,0.0,0.0,0.0
TVMSNTLLSAW,0.0,0.0,0.0,0.0,0.0,0.0,0.0,0.0,0.0,0.0
TVMSSIYGK,0.0,0.0,0.0,0.0,0.0,0.0,0.0,0.0,0.0,0.0
TVQTAAAVVF,0.0,0.0,0.0,0.0,0.0,0.0,0.0,0.0,0.0,0.0
TYGPVFMCL,0.0,0.0,0.0,0.0,0.0,0.0,0.0,0.0,0.0,0.0
TYGPVFMSL,0.0,0.0,0.0,0.0,0.0,0.0,0.0,0.0,0.0,0.0
TYLQSLASL,0.0,0.0,0.0,0.0,0.0,0.0,0.0,0.0,0.0,0.0
TYLSSSLFL,0.0,0.0,0.0,0.0,0.0,0.0,0.0,0.0,0.0,0.0
TYPLREVATL,0.0,0.0,0.0,0.0,0.0,0.0,0.0,0.0,0.0,0.0
TYPVLEEMF,0.0,0.0,0.0,0.0,0.0,0.0,0.0,0.0,0.0,0.0
TYSAGIVQI,0.0,0.0,0.0,0.0,0.0,0.0,0.0,0.0,0.0,0.0
TYTSGEACL,0.0,0.0,0.0,0.0,0.0,0.0,0.0,0.0,0.0,0.0
TYWQLNQNL,0.0,0.0,0.0,0.0,0.0,0.0,0.0,0.0,0.0,0.0
TYWQLNQNLL,0.0,0.0,0.0,0.0,0.0,0.0,0.0,0.0,0.0,0.0
VAQAPPTPL,0.0,0.0,0.0,0.0,0.0,0.0,0.0,0.0,0.0,0.0
VASGVHCNY,0.0,0.0,0.0,0.0,0.0,0.0,0.0,0.0,0.0,0.0
VAVDLSLPK,0.0,0.0,0.0,0.0,0.0,0.0,0.0,0.0,0.0,0.0
VCDKCLKFY,0.0,0.0,0.0,0.0,0.0,0.0,0.0,0.0,0.0,0.0
VCLLIRPLL,0.0,0.0,0.0,0.0,0.0,0.0,0.0,0.0,0.0,0.0
VCPICSQKP,0.0,0.0,0.0,0.0,0.0,0.0,0.0,0.0,0.0,0.0
VDIRTLEDL,0.0,0.0,0.0,0.0,0.0,0.0,0.0,0.0,0.0,0.0
VEDLFGANL,0.0,0.0,0.0,0.0,0.0,0.0,0.0,0.0,0.0,0.0
VEITPYKPTW,0.0,0.0,0.0,0.0,0.0,0.0,0.0,0.0,0.0,0.0
VFGQQAYFY,0.0,0.0,0.0,0.0,0.0,0.0,0.0,0.0,0.0,0.0
VFMSLGGLL,0.0,0.0,0.0,0.0,0.0,0.0,0.0,0.0,0.0,0.0
VFSDGRVAC,0.0,0.0,0.0,0.0,0.0,0.0,0.0,0.0,0.0,0.0
VKRPPIFIRRL,0.0,0.0,0.0,0.0,0.0,0.0,0.0,0.0,0.0,0.0
VLFGLLCLL,0.0,0.0,0.0,0.0,0.0,0.0,0.0,0.0,0.0,0.0
VLFIFGCLL,0.0,0.0,0.0,0.0,0.0,0.0,0.0,0.0,0.0,0.0
VLKDAIKDL,0.0,0.0,0.0,0.0,0.0,0.0,0.0,0.0,0.0,0.0
VLLCVCLLI,0.0,0.0,0.0,0.0,0.0,0.0,0.0,0.0,0.0,0.0
VLLLWITAA,0.0,0.0,0.0,0.0,0.0,0.0,0.0,0.0,0.0,0.0
VLQWASLAV,0.0,0.0,0.0,0.0,0.0,0.0,0.0,0.0,0.0,0.0
VLRYHVLLEE,0.0,0.0,0.0,0.0,0.0,0.0,0.0,0.0,0.0,0.0
VLYSFALML,0.0,0.0,0.0,0.0,0.0,0.0,0.0,0.0,0.0,0.0
VMATLLPPV,0.0,0.0,0.0,0.0,0.0,0.0,0.0,0.0,0.0,0.0
VMSDWTGGALL,0.0,0.0,0.0,0.0,0.0,0.0,0.0,0.0,0.0,0.0
VMSNTLLSAW,0.0,0.0,0.0,0.0,0.0,0.0,0.0,0.0,0.0,0.0
VPAPAGPIV,0.0,0.0,0.0,0.0,0.0,0.0,0.0,0.0,0.0,0.0
VPGSETMCY,0.0,0.0,0.0,0.0,0.0,0.0,0.0,0.0,0.0,0.0
VPRPRFSAL,0.0,0.0,0.0,0.0,0.0,0.0,0.0,0.0,0.0,0.0
VQPPQLTQV,0.0,0.0,0.0,0.0,0.0,0.0,0.0,0.0,0.0,0.0
VQRTFGVPRRQ,0.0,0.0,0.0,0.0,0.0,0.0,0.0,0.0,0.0,0.0
VQSTHVDIR,0.0,0.0,0.0,0.0,0.0,0.0,0.0,0.0,0.0,0.0
VQSTHVDIRT,0.0,0.0,0.0,0.0,0.0,0.0,0.0,0.0,0.0,0.0
VQTAAAVVF,0.0,0.0,0.0,0.0,0.0,0.0,0.0,0.0,0.0,0.0
VRFLRGKWQR,0.0,0.0,0.0,0.0,0.0,0.0,0.0,0.0,0.0,0.0
VRFMGVMSSC,0.0,0.0,0.0,0.0,0.0,0.0,0.0,0.0,0.0,0.0
VRMFMRERQL,0.0,0.0,0.0,0.0,0.0,0.0,0.0,0.0,0.0,0.0
VSFIEFVGW,0.0,0.0,0.0,0.0,0.0,0.0,0.0,0.0,0.0,0.0
VSGFISFFK,0.0,0.0,0.0,0.0,0.0,0.0,0.0,0.0,0.0,0.0
VSTAPTGSWF,0.0,0.0,0.0,0.0,0.0,0.0,0.0,0.0,0.0,0.0
VTDEGTSSF,0.0,0.0,0.0,0.0,0.0,0.0,0.0,0.0,0.0,0.0
VTFCCKCDS,0.0,0.0,0.0,0.0,0.0,0.0,0.0,0.0,0.0,0.0
VTFSAGTFK,0.0,0.0,0.0,0.0,0.0,0.0,0.0,0.0,0.0,0.0
VTLAHAGYY,0.0,0.0,0.0,0.0,0.0,0.0,0.0,0.0,0.0,0.0
VTNRHEEKF,0.0,0.0,0.0,0.0,0.0,0.0,0.0,0.0,0.0,0.0
VTPSATPDI,0.0,0.0,0.0,0.0,0.0,0.0,0.0,0.0,0.0,0.0
VTTQRQSVY,0.0,0.0,0.0,0.0,0.0,0.0,0.0,0.0,0.0,0.0
VVEGQVDYY,0.0,0.0,0.0,0.0,0.0,0.0,0.0,0.0,0.0,0.0
VVSMTLLLL,0.0,0.0,0.0,0.0,0.0,0.0,0.0,0.0,0.0,0.0
VYAASFSPNL,0.0,0.0,0.0,0.0,0.0,0.0,0.0,0.0,0.0,0.0
VYCKQQLL,0.0,0.0,0.0,0.0,0.0,0.0,0.0,0.0,0.0,0.0
VYDFAFQDL,0.0,0.0,0.0,0.0,0.0,0.0,0.0,0.0,0.0,0.0
VYDFAFRDL,0.0,0.0,0.0,0.0,0.0,0.0,0.0,0.0,0.0,0.0
VYDFAFRDLC,0.0,0.0,0.0,0.0,0.0,0.0,0.0,0.0,0.0,0.0
VYDSMLQSDL,0.0,0.0,0.0,0.0,0.0,0.0,0.0,0.0,0.0,0.0
VYGGSKTSL,0.0,0.0,0.0,0.0,0.0,0.0,0.0,0.0,0.0,0.0
VYLTAPTGCI,0.0,0.0,0.0,0.0,0.0,0.0,0.0,0.0,0.0,0.0
VYRDGNPYA,0.0,0.0,0.0,0.0,0.0,0.0,0.0,0.0,0.0,0.0
VYTNAIQYV,0.0,0.0,0.0,0.0,0.0,0.0,0.0,0.0,0.0,0.0
WAKWRLQTL,0.0,0.0,0.0,0.0,0.0,0.0,0.0,0.0,0.0,0.0
WAQIGHIPY,0.0,0.0,0.0,0.0,0.0,0.0,0.0,0.0,0.0,0.0
WEMRAGREI,0.0,0.0,0.0,0.0,0.0,0.0,0.0,0.0,0.0,0.0
WITAASAFR,0.0,0.0,0.0,0.0,0.0,0.0,0.0,0.0,0.0,0.0
WLAKSFFEL,0.0,0.0,0.0,0.0,0.0,0.0,0.0,0.0,0.0,0.0
WNLHGQALFL,0.0,0.0,0.0,0.0,0.0,0.0,0.0,0.0,0.0,0.0
WPRTTPTFL,0.0,0.0,0.0,0.0,0.0,0.0,0.0,0.0,0.0,0.0
WPTPKTHPV,0.0,0.0,0.0,0.0,0.0,0.0,0.0,0.0,0.0,0.0
WPTTPPRPI,0.0,0.0,0.0,0.0,0.0,0.0,0.0,0.0,0.0,0.0
WPYLHNRLV,0.0,0.0,0.0,0.0,0.0,0.0,0.0,0.0,0.0,0.0
WQLLAFFLA,0.0,0.0,0.0,0.0,0.0,0.0,0.0,0.0,0.0,0.0
WQRRYRRIY,0.0,0.0,0.0,0.0,0.0,0.0,0.0,0.0,0.0,0.0
WQWEHIPPA,0.0,0.0,0.0,0.0,0.0,0.0,0.0,0.0,0.0,0.0
WRHWLLTSPS,0.0,0.0,0.0,0.0,0.0,0.0,0.0,0.0,0.0,0.0
WTLVVLLI,0.0,0.0,0.0,0.0,0.0,0.0,0.0,0.0,0.0,0.0
WYKTGISNI,0.0,0.0,0.0,0.0,0.0,0.0,0.0,0.0,0.0,0.0
YAAPQLFPV,0.0,0.0,0.0,0.0,0.0,0.0,0.0,0.0,0.0,0.0
YAMAIRQAI,0.0,0.0,0.0,0.0,0.0,0.0,0.0,0.0,0.0,0.0
YARYVLQKL,0.0,0.0,0.0,0.0,0.0,0.0,0.0,0.0,0.0,0.0
YAVCDKCLKF,0.0,0.0,0.0,0.0,0.0,0.0,0.0,0.0,0.0,0.0
YAYAYKNL,0.0,0.0,0.0,0.0,0.0,0.0,0.0,0.0,0.0,0.0
YCIHNITGV,0.0,0.0,0.0,0.0,0.0,0.0,0.0,0.0,0.0,0.0
YCYSLYGTTL,0.0,0.0,0.0,0.0,0.0,0.0,0.0,0.0,0.0,0.0
YDAPGWLIW,0.0,0.0,0.0,0.0,0.0,0.0,0.0,0.0,0.0,0.0
YDFAFRDL,0.0,0.0,0.0,0.0,0.0,0.0,0.0,0.0,0.0,0.0
YEEAGRGSM,0.0,0.0,0.0,0.0,0.0,0.0,0.0,0.0,0.0,0.0
YEERAHVVL,0.0,0.0,0.0,0.0,0.0,0.0,0.0,0.0,0.0,0.0
YFLEILWGL,0.0,0.0,0.0,0.0,0.0,0.0,0.0,0.0,0.0,0.0
YFLEILWRL,0.0,0.0,0.0,0.0,0.0,0.0,0.0,0.0,0.0,0.0
YGLERLAAM,0.0,0.0,0.0,0.0,0.0,0.0,0.0,0.0,0.0,0.0
YGTTLEQQY,0.0,0.0,0.0,0.0,0.0,0.0,0.0,0.0,0.0,0.0
YHDPETAAAL,0.0,0.0,0.0,0.0,0.0,0.0,0.0,0.0,0.0,0.0
YHLIVDTDSL,0.0,0.0,0.0,0.0,0.0,0.0,0.0,0.0,0.0,0.0
YICEEASVTV,0.0,0.0,0.0,0.0,0.0,0.0,0.0,0.0,0.0,0.0
YICEEASVTVV,0.0,0.0,0.0,0.0,0.0,0.0,0.0,0.0,0.0,0.0
YIIFVYIPL,0.0,0.0,0.0,0.0,0.0,0.0,0.0,0.0,0.0,0.0
YIPLFLIHT,0.0,0.0,0.0,0.0,0.0,0.0,0.0,0.0,0.0,0.0
YIVMSDWTGGA,0.0,0.0,0.0,0.0,0.0,0.0,0.0,0.0,0.0,0.0
YLHNRLVVF,0.0,0.0,0.0,0.0,0.0,0.0,0.0,0.0,0.0,0.0
YLLEILWRL,0.0,0.0,0.0,0.0,0.0,0.0,0.0,0.0,0.0,0.0
YLLEMIWRL,0.0,0.0,0.0,0.0,0.0,0.0,0.0,0.0,0.0,0.0
YLLEMLWRL,0.0,0.0,0.0,0.0,0.0,0.0,0.0,0.0,0.0,0.0
YLMEILWRL,0.0,0.0,0.0,0.0,0.0,0.0,0.0,0.0,0.0,0.0
YLQQNWWTL,0.0,0.0,0.0,0.0,0.0,0.0,0.0,0.0,0.0,0.0
YLTAPTGCI,0.0,0.0,0.0,0.0,0.0,0.0,0.0,0.0,0.0,0.0
YMLDLQPE,0.0,0.0,0.0,0.0,0.0,0.0,0.0,0.0,0.0,0.0
YMLDLQPET,0.0,0.0,0.0,0.0,0.0,0.0,0.0,0.0,0.0,0.0
YMLDLQPETT,0.0,0.0,0.0,0.0,0.0,0.0,0.0,0.0,0.0,0.0
YMLDLQPETTD,0.0,0.0,0.0,0.0,0.0,0.0,0.0,0.0,0.0,0.0
YNIVTFCCK,0.0,0.0,0.0,0.0,0.0,0.0,0.0,0.0,0.0,0.0
YNIVTFCCKC,0.0,0.0,0.0,0.0,0.0,0.0,0.0,0.0,0.0,0.0
YNKPLCDLL,0.0,0.0,0.0,0.0,0.0,0.0,0.0,0.0,0.0,0.0
YNLRRGIAL,0.0,0.0,0.0,0.0,0.0,0.0,0.0,0.0,0.0,0.0
YNLRRGTAL,0.0,0.0,0.0,0.0,0.0,0.0,0.0,0.0,0.0,0.0
YNYSLTLEW,0.0,0.0,0.0,0.0,0.0,0.0,0.0,0.0,0.0,0.0
YPKHEQHGM,0.0,0.0,0.0,0.0,0.0,0.0,0.0,0.0,0.0,0.0
YPLHEQHGM,0.0,0.0,0.0,0.0,0.0,0.0,0.0,0.0,0.0,0.0
YPLHEQRGM,0.0,0.0,0.0,0.0,0.0,0.0,0.0,0.0,0.0,0.0
YPLHEQYGM,0.0,0.0,0.0,0.0,0.0,0.0,0.0,0.0,0.0,0.0
YPLHKQHGM,0.0,0.0,0.0,0.0,0.0,0.0,0.0,0.0,0.0,0.0
YPRNPTEQGNI,0.0,0.0,0.0,0.0,0.0,0.0,0.0,0.0,0.0,0.0
YQAYAAPQL,0.0,0.0,0.0,0.0,0.0,0.0,0.0,0.0,0.0,0.0
YQAYSSWMY,0.0,0.0,0.0,0.0,0.0,0.0,0.0,0.0,0.0,0.0
YQCYNAVKM,0.0,0.0,0.0,0.0,0.0,0.0,0.0,0.0,0.0,0.0
YQEPPAHGL,0.0,0.0,0.0,0.0,0.0,0.0,0.0,0.0,0.0,0.0
YQVPFVQAF,0.0,0.0,0.0,0.0,0.0,0.0,0.0,0.0,0.0,0.0
YRDGNPYAV,0.0,0.0,0.0,0.0,0.0,0.0,0.0,0.0,0.0,0.0
YRFKKHCTL,0.0,0.0,0.0,0.0,0.0,0.0,0.0,0.0,0.0,0.0
YRHPWAPWSQ,0.0,0.0,0.0,0.0,0.0,0.0,0.0,0.0,0.0,0.0
YRHYCYSL,0.0,0.0,0.0,0.0,0.0,0.0,0.0,0.0,0.0,0.0
YRSGIIAVV,0.0,0.0,0.0,0.0,0.0,0.0,0.0,0.0,0.0,0.0
YRTATLRTL,0.0,0.0,0.0,0.0,0.0,0.0,0.0,0.0,0.0,0.0
YRTATLRTLT,0.0,0.0,0.0,0.0,0.0,0.0,0.0,0.0,0.0,0.0
YSKISEYRHY,0.0,0.0,0.0,0.0,0.0,0.0,0.0,0.0,0.0,0.0
YSKNKVWEV,0.0,0.0,0.0,0.0,0.0,0.0,0.0,0.0,0.0,0.0
YSLYGTTLEQ,0.0,0.0,0.0,0.0,0.0,0.0,0.0,0.0,0.0,0.0
YSQGAFTPL,0.0,0.0,0.0,0.0,0.0,0.0,0.0,0.0,0.0,0.0
YTDHQTTPT,0.0,0.0,0.0,0.0,0.0,0.0,0.0,0.0,0.0,0.0
YTGAMTSKF,0.0,0.0,0.0,0.0,0.0,0.0,0.0,0.0,0.0,0.0
YVARTNIYY,0.0,0.0,0.0,0.0,0.0,0.0,0.0,0.0,0.0,0.0
YVHEGIRTY,0.0,0.0,0.0,0.0,0.0,0.0,0.0,0.0,0.0,0.0
YVLDHLIVV,0.0,0.0,0.0,0.0,0.0,0.0,0.0,0.0,0.0,0.0
YYFQSGNEI,0.0,0.0,0.0,0.0,0.0,0.0,0.0,0.0,0.0,0.0
YYHAGTSRL,0.0,0.0,0.0,0.0,0.0,0.0,0.0,0.0,0.0,0.0
YYVHEGIRTY,0.0,0.0,0.0,0.0,0.0,0.0,0.0,0.0,0.0,0.0
